weapon,tier,direction,animation,frame,pixels,components,minX,minY,maxX,maxY,boundsWidth,boundsHeight,boundsArea,edgeSides,discardedPixels,characterDistance,expressionOverlapPixels
dagger,tier1,down,idle,0,8,1,16,10,18,15,3,6,18,,0,0,0
dagger,tier1,down,idle,1,8,1,16,11,18,16,3,6,18,,0,0,0
dagger,tier1,down,walk,0,8,1,16,11,18,16,3,6,18,,0,0,0
dagger,tier1,down,walk,1,8,1,16,11,18,16,3,6,18,,0,0,0
dagger,tier1,down,walk,2,8,1,16,9,18,14,3,6,18,,0,0,0
dagger,tier1,down,walk,3,8,1,16,11,18,16,3,6,18,,0,0,0
dagger,tier1,down,attack,0,8,1,16,9,18,14,3,6,18,,0,0,0
dagger,tier1,down,attack,1,8,1,15,12,17,17,3,6,18,,0,0,0
dagger,tier1,down,attack,2,8,1,16,12,18,17,3,6,18,,0,0,0
dagger,tier1,down,attack,3,8,1,16,10,18,15,3,6,18,,0,0,0
dagger,tier1,down,hurt,0,8,1,15,10,17,15,3,6,18,,0,0,0
dagger,tier1,down,hurt,1,8,1,16,10,18,15,3,6,18,,0,0,0
dagger,tier1,left,idle,0,8,1,5,11,7,16,3,6,18,,0,1,0
dagger,tier1,left,idle,1,8,1,5,12,7,17,3,6,18,,0,1,0
dagger,tier1,left,walk,0,8,1,5,10,7,15,3,6,18,,0,1,0
dagger,tier1,left,walk,1,8,1,5,12,7,17,3,6,18,,0,1,0
dagger,tier1,left,walk,2,8,1,5,12,7,17,3,6,18,,0,2,0
dagger,tier1,left,walk,3,8,1,5,12,7,17,3,6,18,,0,1,0
dagger,tier1,left,attack,0,8,1,5,8,7,13,3,6,18,,0,1,0
dagger,tier1,left,attack,1,8,1,5,13,10,15,6,3,18,,0,0,0
dagger,tier1,left,attack,2,8,1,5,12,10,14,6,3,18,,0,0,0
dagger,tier1,left,attack,3,8,1,5,11,7,16,3,6,18,,0,1,0
dagger,tier1,left,hurt,0,8,1,5,12,7,17,3,6,18,,0,2,0
dagger,tier1,left,hurt,1,8,1,5,11,7,16,3,6,18,,0,1,0
dagger,tier1,right,idle,0,8,1,16,11,18,16,3,6,18,,0,1,0
dagger,tier1,right,idle,1,8,1,16,12,18,17,3,6,18,,0,1,0
dagger,tier1,right,walk,0,8,1,16,12,18,17,3,6,18,,0,2,0
dagger,tier1,right,walk,1,8,1,16,12,18,17,3,6,18,,0,1,0
dagger,tier1,right,walk,2,8,1,16,10,18,15,3,6,18,,0,1,0
dagger,tier1,right,walk,3,8,1,16,12,18,17,3,6,18,,0,1,0
dagger,tier1,right,attack,0,8,1,16,8,18,13,3,6,18,,0,1,0
dagger,tier1,right,attack,1,8,1,13,13,18,15,6,3,18,,0,0,0
dagger,tier1,right,attack,2,8,1,13,12,18,14,6,3,18,,0,0,0
dagger,tier1,right,attack,3,8,1,16,11,18,16,3,6,18,,0,1,0
dagger,tier1,right,hurt,0,8,1,16,12,18,17,3,6,18,,0,2,0
dagger,tier1,right,hurt,1,8,1,16,11,18,16,3,6,18,,0,1,0
dagger,tier1,up,idle,0,8,1,5,11,7,16,3,6,18,,0,0,0
dagger,tier1,up,idle,1,8,1,5,12,7,17,3,6,18,,0,0,0
dagger,tier1,up,walk,0,8,1,5,12,7,17,3,6,18,,0,0,0
dagger,tier1,up,walk,1,8,1,5,12,7,17,3,6,18,,0,0,0
dagger,tier1,up,walk,2,8,1,5,10,7,15,3,6,18,,0,0,0
dagger,tier1,up,walk,3,8,1,5,12,7,17,3,6,18,,0,0,0
dagger,tier1,up,attack,0,8,1,5,12,7,17,3,6,18,,0,0,0
dagger,tier1,up,attack,1,8,1,6,7,8,12,3,6,18,,0,0,0
dagger,tier1,up,attack,2,8,1,5,7,7,12,3,6,18,,0,0,0
dagger,tier1,up,attack,3,8,1,5,11,7,16,3,6,18,,0,0,0
dagger,tier1,up,hurt,0,8,1,6,11,8,16,3,6,18,,0,0,0
dagger,tier1,up,hurt,1,8,1,5,11,7,16,3,6,18,,0,0,0
dagger,tier2,down,idle,0,12,1,16,9,18,15,3,7,21,,0,0,0
dagger,tier2,down,idle,1,12,1,16,10,18,16,3,7,21,,0,0,0
dagger,tier2,down,walk,0,12,1,16,10,18,16,3,7,21,,0,0,0
dagger,tier2,down,walk,1,12,1,16,10,18,16,3,7,21,,0,0,0
dagger,tier2,down,walk,2,12,1,16,8,18,14,3,7,21,,0,0,0
dagger,tier2,down,walk,3,12,1,16,10,18,16,3,7,21,,0,0,0
dagger,tier2,down,attack,0,12,1,16,8,18,14,3,7,21,,0,0,0
dagger,tier2,down,attack,1,12,1,15,12,17,18,3,7,21,,0,0,0
dagger,tier2,down,attack,2,12,1,16,12,18,18,3,7,21,,0,0,0
dagger,tier2,down,attack,3,12,1,16,9,18,15,3,7,21,,0,0,0
dagger,tier2,down,hurt,0,12,1,15,9,17,15,3,7,21,,0,0,0
dagger,tier2,down,hurt,1,12,1,16,9,18,15,3,7,21,,0,0,0
dagger,tier2,left,idle,0,12,1,5,10,7,16,3,7,21,,0,1,0
dagger,tier2,left,idle,1,12,1,5,11,7,17,3,7,21,,0,1,0
dagger,tier2,left,walk,0,12,1,5,9,7,15,3,7,21,,0,1,0
dagger,tier2,left,walk,1,12,1,5,11,7,17,3,7,21,,0,1,0
dagger,tier2,left,walk,2,12,1,5,11,7,17,3,7,21,,0,1,0
dagger,tier2,left,walk,3,12,1,5,11,7,17,3,7,21,,0,1,0
dagger,tier2,left,attack,0,12,1,5,7,7,13,3,7,21,,0,1,0
dagger,tier2,left,attack,1,12,1,4,13,10,15,7,3,21,,0,0,0
dagger,tier2,left,attack,2,12,1,4,12,10,14,7,3,21,,0,0,0
dagger,tier2,left,attack,3,12,1,5,10,7,16,3,7,21,,0,1,0
dagger,tier2,left,hurt,0,12,1,5,11,7,17,3,7,21,,0,1,0
dagger,tier2,left,hurt,1,12,1,5,10,7,16,3,7,21,,0,1,0
dagger,tier2,right,idle,0,12,1,16,10,18,16,3,7,21,,0,1,0
dagger,tier2,right,idle,1,12,1,16,11,18,17,3,7,21,,0,1,0
dagger,tier2,right,walk,0,12,1,16,11,18,17,3,7,21,,0,1,0
dagger,tier2,right,walk,1,12,1,16,11,18,17,3,7,21,,0,1,0
dagger,tier2,right,walk,2,12,1,16,9,18,15,3,7,21,,0,1,0
dagger,tier2,right,walk,3,12,1,16,11,18,17,3,7,21,,0,1,0
dagger,tier2,right,attack,0,12,1,16,7,18,13,3,7,21,,0,1,0
dagger,tier2,right,attack,1,12,1,13,13,19,15,7,3,21,,0,0,0
dagger,tier2,right,attack,2,12,1,13,12,19,14,7,3,21,,0,0,0
dagger,tier2,right,attack,3,12,1,16,10,18,16,3,7,21,,0,1,0
dagger,tier2,right,hurt,0,12,1,16,11,18,17,3,7,21,,0,1,0
dagger,tier2,right,hurt,1,12,1,16,10,18,16,3,7,21,,0,1,0
dagger,tier2,up,idle,0,12,1,5,10,7,16,3,7,21,,0,0,0
dagger,tier2,up,idle,1,12,1,5,11,7,17,3,7,21,,0,0,0
dagger,tier2,up,walk,0,12,1,5,11,7,17,3,7,21,,0,0,0
dagger,tier2,up,walk,1,12,1,5,11,7,17,3,7,21,,0,0,0
dagger,tier2,up,walk,2,12,1,5,9,7,15,3,7,21,,0,0,0
dagger,tier2,up,walk,3,12,1,5,11,7,17,3,7,21,,0,0,0
dagger,tier2,up,attack,0,12,1,5,12,7,18,3,7,21,,0,0,0
dagger,tier2,up,attack,1,12,1,6,6,8,12,3,7,21,,0,0,0
dagger,tier2,up,attack,2,12,1,5,6,7,12,3,7,21,,0,0,0
dagger,tier2,up,attack,3,12,1,5,10,7,16,3,7,21,,0,0,0
dagger,tier2,up,hurt,0,12,1,6,10,8,16,3,7,21,,0,0,0
dagger,tier2,up,hurt,1,12,1,5,10,7,16,3,7,21,,0,0,0
dagger,tier3,down,idle,0,12,1,16,9,18,15,3,7,21,,0,0,0
dagger,tier3,down,idle,1,12,1,16,10,18,16,3,7,21,,0,0,0
dagger,tier3,down,walk,0,12,1,16,10,18,16,3,7,21,,0,0,0
dagger,tier3,down,walk,1,12,1,16,10,18,16,3,7,21,,0,0,0
dagger,tier3,down,walk,2,12,1,16,8,18,14,3,7,21,,0,0,0
dagger,tier3,down,walk,3,12,1,16,10,18,16,3,7,21,,0,0,0
dagger,tier3,down,attack,0,12,1,16,8,18,14,3,7,21,,0,0,0
dagger,tier3,down,attack,1,12,1,15,12,17,18,3,7,21,,0,0,0
dagger,tier3,down,attack,2,12,1,16,12,18,18,3,7,21,,0,0,0
dagger,tier3,down,attack,3,12,1,16,9,18,15,3,7,21,,0,0,0
dagger,tier3,down,hurt,0,12,1,15,9,17,15,3,7,21,,0,0,0
dagger,tier3,down,hurt,1,12,1,16,9,18,15,3,7,21,,0,0,0
dagger,tier3,left,idle,0,12,1,5,10,7,16,3,7,21,,0,1,0
dagger,tier3,left,idle,1,12,1,5,11,7,17,3,7,21,,0,1,0
dagger,tier3,left,walk,0,12,1,5,9,7,15,3,7,21,,0,1,0
dagger,tier3,left,walk,1,12,1,5,11,7,17,3,7,21,,0,1,0
dagger,tier3,left,walk,2,12,1,5,11,7,17,3,7,21,,0,1,0
dagger,tier3,left,walk,3,12,1,5,11,7,17,3,7,21,,0,1,0
dagger,tier3,left,attack,0,12,1,5,7,7,13,3,7,21,,0,1,0
dagger,tier3,left,attack,1,12,1,4,13,10,15,7,3,21,,0,0,0
dagger,tier3,left,attack,2,12,1,4,12,10,14,7,3,21,,0,0,0
dagger,tier3,left,attack,3,12,1,5,10,7,16,3,7,21,,0,1,0
dagger,tier3,left,hurt,0,12,1,5,11,7,17,3,7,21,,0,1,0
dagger,tier3,left,hurt,1,12,1,5,10,7,16,3,7,21,,0,1,0
dagger,tier3,right,idle,0,12,1,16,10,18,16,3,7,21,,0,1,0
dagger,tier3,right,idle,1,12,1,16,11,18,17,3,7,21,,0,1,0
dagger,tier3,right,walk,0,12,1,16,11,18,17,3,7,21,,0,1,0
dagger,tier3,right,walk,1,12,1,16,11,18,17,3,7,21,,0,1,0
dagger,tier3,right,walk,2,12,1,16,9,18,15,3,7,21,,0,1,0
dagger,tier3,right,walk,3,12,1,16,11,18,17,3,7,21,,0,1,0
dagger,tier3,right,attack,0,12,1,16,7,18,13,3,7,21,,0,1,0
dagger,tier3,right,attack,1,12,1,13,13,19,15,7,3,21,,0,0,0
dagger,tier3,right,attack,2,12,1,13,12,19,14,7,3,21,,0,0,0
dagger,tier3,right,attack,3,12,1,16,10,18,16,3,7,21,,0,1,0
dagger,tier3,right,hurt,0,12,1,16,11,18,17,3,7,21,,0,1,0
dagger,tier3,right,hurt,1,12,1,16,10,18,16,3,7,21,,0,1,0
dagger,tier3,up,idle,0,12,1,5,10,7,16,3,7,21,,0,0,0
dagger,tier3,up,idle,1,12,1,5,11,7,17,3,7,21,,0,0,0
dagger,tier3,up,walk,0,12,1,5,11,7,17,3,7,21,,0,0,0
dagger,tier3,up,walk,1,12,1,5,11,7,17,3,7,21,,0,0,0
dagger,tier3,up,walk,2,12,1,5,9,7,15,3,7,21,,0,0,0
dagger,tier3,up,walk,3,12,1,5,11,7,17,3,7,21,,0,0,0
dagger,tier3,up,attack,0,12,1,5,12,7,18,3,7,21,,0,0,0
dagger,tier3,up,attack,1,12,1,6,6,8,12,3,7,21,,0,0,0
dagger,tier3,up,attack,2,12,1,5,6,7,12,3,7,21,,0,0,0
dagger,tier3,up,attack,3,12,1,5,10,7,16,3,7,21,,0,0,0
dagger,tier3,up,hurt,0,12,1,6,10,8,16,3,7,21,,0,0,0
dagger,tier3,up,hurt,1,12,1,5,10,7,16,3,7,21,,0,0,0
dagger,tier4,down,idle,0,15,1,16,8,18,16,3,9,27,,0,0,0
dagger,tier4,down,idle,1,15,1,16,9,18,17,3,9,27,,0,0,0
dagger,tier4,down,walk,0,15,1,16,9,18,17,3,9,27,,0,0,0
dagger,tier4,down,walk,1,15,1,16,9,18,17,3,9,27,,0,0,0
dagger,tier4,down,walk,2,15,1,16,7,18,15,3,9,27,,0,0,0
dagger,tier4,down,walk,3,15,1,16,9,18,17,3,9,27,,0,0,0
dagger,tier4,down,attack,0,15,1,16,7,18,15,3,9,27,,0,0,0
dagger,tier4,down,attack,1,15,1,15,11,17,19,3,9,27,,0,0,0
dagger,tier4,down,attack,2,15,1,16,11,18,19,3,9,27,,0,0,0
dagger,tier4,down,attack,3,15,1,16,8,18,16,3,9,27,,0,0,0
dagger,tier4,down,hurt,0,15,1,15,8,17,16,3,9,27,,0,0,0
dagger,tier4,down,hurt,1,15,1,16,8,18,16,3,9,27,,0,0,0
dagger,tier4,left,idle,0,15,1,5,9,7,17,3,9,27,,0,1,0
dagger,tier4,left,idle,1,15,1,5,10,7,18,3,9,27,,0,1,0
dagger,tier4,left,walk,0,15,1,5,8,7,16,3,9,27,,0,1,0
dagger,tier4,left,walk,1,15,1,5,10,7,18,3,9,27,,0,1,0
dagger,tier4,left,walk,2,15,1,5,10,7,18,3,9,27,,0,1,0
dagger,tier4,left,walk,3,15,1,5,10,7,18,3,9,27,,0,1,0
dagger,tier4,left,attack,0,15,1,5,6,7,14,3,9,27,,0,1,0
dagger,tier4,left,attack,1,15,1,3,13,11,15,9,3,27,,0,0,0
dagger,tier4,left,attack,2,15,1,3,12,11,14,9,3,27,,0,0,0
dagger,tier4,left,attack,3,15,1,5,9,7,17,3,9,27,,0,1,0
dagger,tier4,left,hurt,0,15,1,5,10,7,18,3,9,27,,0,1,0
dagger,tier4,left,hurt,1,15,1,5,9,7,17,3,9,27,,0,1,0
dagger,tier4,right,idle,0,15,1,16,9,18,17,3,9,27,,0,1,0
dagger,tier4,right,idle,1,15,1,16,10,18,18,3,9,27,,0,1,0
dagger,tier4,right,walk,0,15,1,16,10,18,18,3,9,27,,0,1,0
dagger,tier4,right,walk,1,15,1,16,10,18,18,3,9,27,,0,1,0
dagger,tier4,right,walk,2,15,1,16,8,18,16,3,9,27,,0,1,0
dagger,tier4,right,walk,3,15,1,16,10,18,18,3,9,27,,0,1,0
dagger,tier4,right,attack,0,15,1,16,6,18,14,3,9,27,,0,1,0
dagger,tier4,right,attack,1,15,1,12,13,20,15,9,3,27,,0,0,0
dagger,tier4,right,attack,2,15,1,12,12,20,14,9,3,27,,0,0,0
dagger,tier4,right,attack,3,15,1,16,9,18,17,3,9,27,,0,1,0
dagger,tier4,right,hurt,0,15,1,16,10,18,18,3,9,27,,0,1,0
dagger,tier4,right,hurt,1,15,1,16,9,18,17,3,9,27,,0,1,0
dagger,tier4,up,idle,0,15,1,5,9,7,17,3,9,27,,0,0,0
dagger,tier4,up,idle,1,15,1,5,10,7,18,3,9,27,,0,0,0
dagger,tier4,up,walk,0,15,1,5,10,7,18,3,9,27,,0,0,0
dagger,tier4,up,walk,1,15,1,5,10,7,18,3,9,27,,0,0,0
dagger,tier4,up,walk,2,15,1,5,8,7,16,3,9,27,,0,0,0
dagger,tier4,up,walk,3,15,1,5,10,7,18,3,9,27,,0,0,0
dagger,tier4,up,attack,0,15,1,5,11,7,19,3,9,27,,0,0,0
dagger,tier4,up,attack,1,15,1,6,5,8,13,3,9,27,,0,0,0
dagger,tier4,up,attack,2,15,1,5,5,7,13,3,9,27,,0,0,0
dagger,tier4,up,attack,3,15,1,5,9,7,17,3,9,27,,0,0,0
dagger,tier4,up,hurt,0,15,1,6,9,8,17,3,9,27,,0,0,0
dagger,tier4,up,hurt,1,15,1,5,9,7,17,3,9,27,,0,0,0
dagger,tier5,down,idle,0,19,1,15,8,19,16,5,9,45,,0,0,0
dagger,tier5,down,idle,1,19,1,15,9,19,17,5,9,45,,0,0,0
dagger,tier5,down,walk,0,19,1,15,9,19,17,5,9,45,,0,0,0
dagger,tier5,down,walk,1,19,1,15,9,19,17,5,9,45,,0,0,0
dagger,tier5,down,walk,2,19,1,15,7,19,15,5,9,45,,0,0,0
dagger,tier5,down,walk,3,19,1,15,9,19,17,5,9,45,,0,0,0
dagger,tier5,down,attack,0,19,1,15,7,19,15,5,9,45,,0,0,0
dagger,tier5,down,attack,1,19,1,14,11,18,19,5,9,45,,0,0,0
dagger,tier5,down,attack,2,19,1,15,11,19,19,5,9,45,,0,0,0
dagger,tier5,down,attack,3,19,1,15,8,19,16,5,9,45,,0,0,0
dagger,tier5,down,hurt,0,19,1,14,8,18,16,5,9,45,,0,0,0
dagger,tier5,down,hurt,1,19,1,15,8,19,16,5,9,45,,0,0,0
dagger,tier5,left,idle,0,19,1,4,9,8,17,5,9,45,,0,1,0
dagger,tier5,left,idle,1,19,1,4,10,8,18,5,9,45,,0,1,0
dagger,tier5,left,walk,0,19,1,4,8,8,16,5,9,45,,0,1,0
dagger,tier5,left,walk,1,19,1,4,10,8,18,5,9,45,,0,1,0
dagger,tier5,left,walk,2,19,1,4,10,8,18,5,9,45,,0,1,0
dagger,tier5,left,walk,3,19,1,4,10,8,18,5,9,45,,0,1,0
dagger,tier5,left,attack,0,19,1,4,6,8,14,5,9,45,,0,1,0
dagger,tier5,left,attack,1,19,1,3,12,11,16,9,5,45,,0,0,0
dagger,tier5,left,attack,2,19,1,3,11,11,15,9,5,45,,0,0,0
dagger,tier5,left,attack,3,19,1,4,9,8,17,5,9,45,,0,1,0
dagger,tier5,left,hurt,0,19,1,4,10,8,18,5,9,45,,0,1,0
dagger,tier5,left,hurt,1,19,1,4,9,8,17,5,9,45,,0,1,0
dagger,tier5,right,idle,0,19,1,15,9,19,17,5,9,45,,0,1,0
dagger,tier5,right,idle,1,19,1,15,10,19,18,5,9,45,,0,1,0
dagger,tier5,right,walk,0,19,1,15,10,19,18,5,9,45,,0,1,0
dagger,tier5,right,walk,1,19,1,15,10,19,18,5,9,45,,0,1,0
dagger,tier5,right,walk,2,19,1,15,8,19,16,5,9,45,,0,1,0
dagger,tier5,right,walk,3,19,1,15,10,19,18,5,9,45,,0,1,0
dagger,tier5,right,attack,0,19,1,15,6,19,14,5,9,45,,0,1,0
dagger,tier5,right,attack,1,19,1,12,12,20,16,9,5,45,,0,0,0
dagger,tier5,right,attack,2,19,1,12,11,20,15,9,5,45,,0,0,0
dagger,tier5,right,attack,3,19,1,15,9,19,17,5,9,45,,0,1,0
dagger,tier5,right,hurt,0,19,1,15,10,19,18,5,9,45,,0,1,0
dagger,tier5,right,hurt,1,19,1,15,9,19,17,5,9,45,,0,1,0
dagger,tier5,up,idle,0,19,1,4,9,8,17,5,9,45,,0,0,0
dagger,tier5,up,idle,1,19,1,4,10,8,18,5,9,45,,0,0,0
dagger,tier5,up,walk,0,19,1,4,10,8,18,5,9,45,,0,0,0
dagger,tier5,up,walk,1,19,1,4,10,8,18,5,9,45,,0,0,0
dagger,tier5,up,walk,2,19,1,4,8,8,16,5,9,45,,0,0,0
dagger,tier5,up,walk,3,19,1,4,10,8,18,5,9,45,,0,0,0
dagger,tier5,up,attack,0,19,1,4,11,8,19,5,9,45,,0,0,0
dagger,tier5,up,attack,1,19,1,5,5,9,13,5,9,45,,0,0,0
dagger,tier5,up,attack,2,19,1,4,5,8,13,5,9,45,,0,0,0
dagger,tier5,up,attack,3,19,1,4,9,8,17,5,9,45,,0,0,0
dagger,tier5,up,hurt,0,19,1,5,9,9,17,5,9,45,,0,0,0
dagger,tier5,up,hurt,1,19,1,4,9,8,17,5,9,45,,0,0,0
axe,tier1,down,idle,0,16,1,17,6,19,14,3,9,27,,0,0,0
axe,tier1,down,idle,1,16,1,17,7,19,15,3,9,27,,0,0,0
axe,tier1,down,walk,0,16,1,17,7,19,15,3,9,27,,0,0,0
axe,tier1,down,walk,1,16,1,17,7,19,15,3,9,27,,0,0,0
axe,tier1,down,walk,2,16,1,17,5,19,13,3,9,27,,0,0,0
axe,tier1,down,walk,3,16,1,17,7,19,15,3,9,27,,0,0,0
axe,tier1,down,attack,0,16,1,17,4,19,12,3,9,27,,0,0,0
axe,tier1,down,attack,1,16,1,16,14,18,22,3,9,27,,0,0,0
axe,tier1,down,attack,2,16,1,17,14,19,22,3,9,27,,0,0,0
axe,tier1,down,attack,3,16,1,17,6,19,14,3,9,27,,0,0,0
axe,tier1,down,hurt,0,16,1,16,6,18,14,3,9,27,,0,0,0
axe,tier1,down,hurt,1,16,1,17,6,19,14,3,9,27,,0,0,0
axe,tier1,left,idle,0,16,1,4,6,6,14,3,9,27,,0,1,0
axe,tier1,left,idle,1,16,1,4,7,6,15,3,9,27,,0,1,0
axe,tier1,left,walk,0,16,1,4,5,6,13,3,9,27,,0,1,0
axe,tier1,left,walk,1,16,1,4,7,6,15,3,9,27,,0,1,0
axe,tier1,left,walk,2,16,1,4,7,6,15,3,9,27,,0,1,0
axe,tier1,left,walk,3,16,1,4,7,6,15,3,9,27,,0,1,0
axe,tier1,left,attack,0,16,1,4,4,6,12,3,9,27,,0,1,0
axe,tier1,left,attack,1,16,1,1,12,9,14,9,3,27,,0,0,0
axe,tier1,left,attack,2,16,1,1,11,9,13,9,3,27,,0,0,0
axe,tier1,left,attack,3,16,1,4,6,6,14,3,9,27,,0,1,0
axe,tier1,left,hurt,0,16,1,4,7,6,15,3,9,27,,0,1,0
axe,tier1,left,hurt,1,16,1,4,6,6,14,3,9,27,,0,1,0
axe,tier1,right,idle,0,16,1,17,6,19,14,3,9,27,,0,1,0
axe,tier1,right,idle,1,16,1,17,7,19,15,3,9,27,,0,1,0
axe,tier1,right,walk,0,16,1,17,7,19,15,3,9,27,,0,1,0
axe,tier1,right,walk,1,16,1,17,7,19,15,3,9,27,,0,1,0
axe,tier1,right,walk,2,16,1,17,5,19,13,3,9,27,,0,1,0
axe,tier1,right,walk,3,16,1,17,7,19,15,3,9,27,,0,1,0
axe,tier1,right,attack,0,16,1,17,4,19,12,3,9,27,,0,1,0
axe,tier1,right,attack,1,16,1,14,12,22,14,9,3,27,,0,0,0
axe,tier1,right,attack,2,16,1,14,11,22,13,9,3,27,,0,0,0
axe,tier1,right,attack,3,16,1,17,6,19,14,3,9,27,,0,1,0
axe,tier1,right,hurt,0,16,1,17,7,19,15,3,9,27,,0,1,0
axe,tier1,right,hurt,1,16,1,17,6,19,14,3,9,27,,0,1,0
axe,tier1,up,idle,0,16,1,4,7,6,15,3,9,27,,0,0,0
axe,tier1,up,idle,1,16,1,4,8,6,16,3,9,27,,0,0,0
axe,tier1,up,walk,0,16,1,4,8,6,16,3,9,27,,0,0,0
axe,tier1,up,walk,1,16,1,4,8,6,16,3,9,27,,0,0,0
axe,tier1,up,walk,2,16,1,4,6,6,14,3,9,27,,0,0,0
axe,tier1,up,walk,3,16,1,4,8,6,16,3,9,27,,0,0,0
axe,tier1,up,attack,0,16,1,4,5,6,13,3,9,27,,0,0,0
axe,tier1,up,attack,1,17,1,5,1,7,10,3,10,30,,0,1,0
axe,tier1,up,attack,2,17,1,4,1,6,10,3,10,30,,0,2,0
axe,tier1,up,attack,3,16,1,4,7,6,15,3,9,27,,0,0,0
axe,tier1,up,hurt,0,16,1,5,7,7,15,3,9,27,,0,0,0
axe,tier1,up,hurt,1,16,1,4,7,6,15,3,9,27,,0,0,0
axe,tier2,down,idle,0,22,1,15,6,19,14,5,9,45,,0,0,0
axe,tier2,down,idle,1,22,1,15,7,19,15,5,9,45,,0,0,0
axe,tier2,down,walk,0,22,1,15,7,19,15,5,9,45,,0,0,0
axe,tier2,down,walk,1,22,1,15,7,19,15,5,9,45,,0,0,0
axe,tier2,down,walk,2,22,1,15,5,19,13,5,9,45,,0,0,0
axe,tier2,down,walk,3,22,1,15,7,19,15,5,9,45,,0,0,0
axe,tier2,down,attack,0,22,1,15,4,19,12,5,9,45,,0,0,0
axe,tier2,down,attack,1,22,1,14,14,18,22,5,9,45,,0,0,0
axe,tier2,down,attack,2,22,1,15,14,19,22,5,9,45,,0,0,0
axe,tier2,down,attack,3,22,1,15,6,19,14,5,9,45,,0,0,0
axe,tier2,down,hurt,0,22,1,14,6,18,14,5,9,45,,0,0,0
axe,tier2,down,hurt,1,22,1,15,6,19,14,5,9,45,,0,0,0
axe,tier2,left,idle,0,22,1,4,6,8,14,5,9,45,,0,0,0
axe,tier2,left,idle,1,22,1,4,7,8,15,5,9,45,,0,0,0
axe,tier2,left,walk,0,22,1,4,5,8,13,5,9,45,,0,0,0
axe,tier2,left,walk,1,22,1,4,7,8,15,5,9,45,,0,0,0
axe,tier2,left,walk,2,22,1,4,7,8,15,5,9,45,,0,0,0
axe,tier2,left,walk,3,22,1,4,7,8,15,5,9,45,,0,0,0
axe,tier2,left,attack,0,22,1,4,4,8,12,5,9,45,,0,0,0
axe,tier2,left,attack,1,22,1,1,12,9,16,9,5,45,,0,0,0
axe,tier2,left,attack,2,22,1,1,11,9,15,9,5,45,,0,0,0
axe,tier2,left,attack,3,22,1,4,6,8,14,5,9,45,,0,0,0
axe,tier2,left,hurt,0,22,1,4,7,8,15,5,9,45,,0,0,0
axe,tier2,left,hurt,1,22,1,4,6,8,14,5,9,45,,0,0,0
axe,tier2,right,idle,0,22,1,15,6,19,14,5,9,45,,0,0,0
axe,tier2,right,idle,1,22,1,15,7,19,15,5,9,45,,0,0,0
axe,tier2,right,walk,0,22,1,15,7,19,15,5,9,45,,0,0,0
axe,tier2,right,walk,1,22,1,15,7,19,15,5,9,45,,0,0,0
axe,tier2,right,walk,2,22,1,15,5,19,13,5,9,45,,0,0,0
axe,tier2,right,walk,3,22,1,15,7,19,15,5,9,45,,0,0,0
axe,tier2,right,attack,0,22,1,15,4,19,12,5,9,45,,0,0,0
axe,tier2,right,attack,1,22,1,14,12,22,16,9,5,45,,0,0,0
axe,tier2,right,attack,2,22,1,14,11,22,15,9,5,45,,0,0,0
axe,tier2,right,attack,3,22,1,15,6,19,14,5,9,45,,0,0,0
axe,tier2,right,hurt,0,22,1,15,7,19,15,5,9,45,,0,0,0
axe,tier2,right,hurt,1,22,1,15,6,19,14,5,9,45,,0,0,0
axe,tier2,up,idle,0,22,1,4,7,8,15,5,9,45,,0,0,0
axe,tier2,up,idle,1,22,1,4,8,8,16,5,9,45,,0,0,0
axe,tier2,up,walk,0,22,1,4,8,8,16,5,9,45,,0,0,0
axe,tier2,up,walk,1,22,1,4,8,8,16,5,9,45,,0,0,0
axe,tier2,up,walk,2,22,1,4,6,8,14,5,9,45,,0,0,0
axe,tier2,up,walk,3,22,1,4,8,8,16,5,9,45,,0,0,0
axe,tier2,up,attack,0,22,1,4,5,8,13,5,9,45,,0,0,0
axe,tier2,up,attack,1,23,1,5,1,9,10,5,10,50,,0,0,0
axe,tier2,up,attack,2,23,1,4,1,8,10,5,10,50,,0,0,0
axe,tier2,up,attack,3,22,1,4,7,8,15,5,9,45,,0,0,0
axe,tier2,up,hurt,0,22,1,5,7,9,15,5,9,45,,0,0,0
axe,tier2,up,hurt,1,22,1,4,7,8,15,5,9,45,,0,0,0
axe,tier3,down,idle,0,28,1,15,5,20,14,6,10,60,,0,0,0
axe,tier3,down,idle,1,28,1,15,6,20,15,6,10,60,,0,0,0
axe,tier3,down,walk,0,28,1,15,6,20,15,6,10,60,,0,0,0
axe,tier3,down,walk,1,28,1,15,6,20,15,6,10,60,,0,0,0
axe,tier3,down,walk,2,28,1,15,4,20,13,6,10,60,,0,0,0
axe,tier3,down,walk,3,28,1,15,6,20,15,6,10,60,,0,0,0
axe,tier3,down,attack,0,28,1,15,3,20,12,6,10,60,,0,0,0
axe,tier3,down,attack,1,27,1,14,14,19,23,6,10,60,bottom,0,0,0
axe,tier3,down,attack,2,27,1,15,14,20,23,6,10,60,bottom,0,0,0
axe,tier3,down,attack,3,28,1,15,5,20,14,6,10,60,,0,0,0
axe,tier3,down,hurt,0,28,1,14,5,19,14,6,10,60,,0,0,0
axe,tier3,down,hurt,1,28,1,15,5,20,14,6,10,60,,0,0,0
axe,tier3,left,idle,0,28,1,3,5,8,14,6,10,60,,0,0,0
axe,tier3,left,idle,1,28,1,3,6,8,15,6,10,60,,0,0,0
axe,tier3,left,walk,0,28,1,3,4,8,13,6,10,60,,0,0,0
axe,tier3,left,walk,1,28,1,3,6,8,15,6,10,60,,0,0,0
axe,tier3,left,walk,2,28,1,3,6,8,15,6,10,60,,0,0,0
axe,tier3,left,walk,3,28,1,3,6,8,15,6,10,60,,0,0,0
axe,tier3,left,attack,0,28,1,3,3,8,12,6,10,60,,0,0,0
axe,tier3,left,attack,1,27,1,0,11,9,16,10,6,60,left,0,0,0
axe,tier3,left,attack,2,27,1,0,10,9,15,10,6,60,left,0,0,0
axe,tier3,left,attack,3,28,1,3,5,8,14,6,10,60,,0,0,0
axe,tier3,left,hurt,0,28,1,3,6,8,15,6,10,60,,0,0,0
axe,tier3,left,hurt,1,28,1,3,5,8,14,6,10,60,,0,0,0
axe,tier3,right,idle,0,28,1,15,5,20,14,6,10,60,,0,0,0
axe,tier3,right,idle,1,28,1,15,6,20,15,6,10,60,,0,0,0
axe,tier3,right,walk,0,28,1,15,6,20,15,6,10,60,,0,0,0
axe,tier3,right,walk,1,28,1,15,6,20,15,6,10,60,,0,0,0
axe,tier3,right,walk,2,28,1,15,4,20,13,6,10,60,,0,0,0
axe,tier3,right,walk,3,28,1,15,6,20,15,6,10,60,,0,0,0
axe,tier3,right,attack,0,28,1,15,3,20,12,6,10,60,,0,0,0
axe,tier3,right,attack,1,27,1,14,11,23,16,10,6,60,right,0,0,0
axe,tier3,right,attack,2,27,1,14,10,23,15,10,6,60,right,0,0,0
axe,tier3,right,attack,3,28,1,15,5,20,14,6,10,60,,0,0,0
axe,tier3,right,hurt,0,28,1,15,6,20,15,6,10,60,,0,0,0
axe,tier3,right,hurt,1,28,1,15,5,20,14,6,10,60,,0,0,0
axe,tier3,up,idle,0,28,1,3,6,8,15,6,10,60,,0,0,0
axe,tier3,up,idle,1,28,1,3,7,8,16,6,10,60,,0,0,0
axe,tier3,up,walk,0,28,1,3,7,8,16,6,10,60,,0,0,0
axe,tier3,up,walk,1,28,1,3,7,8,16,6,10,60,,0,0,0
axe,tier3,up,walk,2,28,1,3,5,8,14,6,10,60,,0,0,0
axe,tier3,up,walk,3,28,1,3,7,8,16,6,10,60,,0,0,0
axe,tier3,up,attack,0,28,1,3,4,8,13,6,10,60,,0,0,0
axe,tier3,up,attack,1,29,1,4,0,9,10,6,11,66,top,0,0,0
axe,tier3,up,attack,2,29,1,3,0,8,10,6,11,66,top,0,0,0
axe,tier3,up,attack,3,28,1,3,6,8,15,6,10,60,,0,0,0
axe,tier3,up,hurt,0,28,1,4,6,9,15,6,10,60,,0,0,0
axe,tier3,up,hurt,1,28,1,3,6,8,15,6,10,60,,0,0,0
axe,tier4,down,idle,0,32,1,15,5,21,14,7,10,70,,0,0,0
axe,tier4,down,idle,1,32,1,15,6,21,15,7,10,70,,0,0,0
axe,tier4,down,walk,0,32,1,15,6,21,15,7,10,70,,0,0,0
axe,tier4,down,walk,1,32,1,15,6,21,15,7,10,70,,0,0,0
axe,tier4,down,walk,2,32,1,15,4,21,13,7,10,70,,0,0,0
axe,tier4,down,walk,3,32,1,15,6,21,15,7,10,70,,0,0,0
axe,tier4,down,attack,0,32,1,15,3,21,12,7,10,70,,0,0,0
axe,tier4,down,attack,1,31,1,14,14,20,23,7,10,70,bottom,0,0,0
axe,tier4,down,attack,2,31,1,15,14,21,23,7,10,70,bottom,0,0,0
axe,tier4,down,attack,3,32,1,15,5,21,14,7,10,70,,0,0,0
axe,tier4,down,hurt,0,32,1,14,5,20,14,7,10,70,,0,0,0
axe,tier4,down,hurt,1,32,1,15,5,21,14,7,10,70,,0,0,0
axe,tier4,left,idle,0,32,1,2,5,8,14,7,10,70,,0,0,0
axe,tier4,left,idle,1,32,1,2,6,8,15,7,10,70,,0,0,0
axe,tier4,left,walk,0,32,1,2,4,8,13,7,10,70,,0,0,0
axe,tier4,left,walk,1,32,1,2,6,8,15,7,10,70,,0,0,0
axe,tier4,left,walk,2,32,1,2,6,8,15,7,10,70,,0,0,0
axe,tier4,left,walk,3,32,1,2,6,8,15,7,10,70,,0,0,0
axe,tier4,left,attack,0,32,1,2,3,8,12,7,10,70,,0,0,0
axe,tier4,left,attack,1,31,1,0,10,9,16,10,7,70,left,0,0,0
axe,tier4,left,attack,2,31,1,0,9,9,15,10,7,70,left,0,0,0
axe,tier4,left,attack,3,32,1,2,5,8,14,7,10,70,,0,0,0
axe,tier4,left,hurt,0,32,1,2,6,8,15,7,10,70,,0,0,0
axe,tier4,left,hurt,1,32,1,2,5,8,14,7,10,70,,0,0,0
axe,tier4,right,idle,0,32,1,15,5,21,14,7,10,70,,0,0,0
axe,tier4,right,idle,1,32,1,15,6,21,15,7,10,70,,0,0,0
axe,tier4,right,walk,0,32,1,15,6,21,15,7,10,70,,0,0,0
axe,tier4,right,walk,1,32,1,15,6,21,15,7,10,70,,0,0,0
axe,tier4,right,walk,2,32,1,15,4,21,13,7,10,70,,0,0,0
axe,tier4,right,walk,3,32,1,15,6,21,15,7,10,70,,0,0,0
axe,tier4,right,attack,0,32,1,15,3,21,12,7,10,70,,0,0,0
axe,tier4,right,attack,1,31,1,14,10,23,16,10,7,70,right,0,0,0
axe,tier4,right,attack,2,31,1,14,9,23,15,10,7,70,right,0,0,0
axe,tier4,right,attack,3,32,1,15,5,21,14,7,10,70,,0,0,0
axe,tier4,right,hurt,0,32,1,15,6,21,15,7,10,70,,0,0,0
axe,tier4,right,hurt,1,32,1,15,5,21,14,7,10,70,,0,0,0
axe,tier4,up,idle,0,32,1,2,6,8,15,7,10,70,,0,0,0
axe,tier4,up,idle,1,32,1,2,7,8,16,7,10,70,,0,0,0
axe,tier4,up,walk,0,32,1,2,7,8,16,7,10,70,,0,0,0
axe,tier4,up,walk,1,32,1,2,7,8,16,7,10,70,,0,0,0
axe,tier4,up,walk,2,32,1,2,5,8,14,7,10,70,,0,0,0
axe,tier4,up,walk,3,32,1,2,7,8,16,7,10,70,,0,0,0
axe,tier4,up,attack,0,32,1,2,4,8,13,7,10,70,,0,0,0
axe,tier4,up,attack,1,33,1,3,0,9,10,7,11,77,top,0,0,0
axe,tier4,up,attack,2,33,1,2,0,8,10,7,11,77,top,0,0,0
axe,tier4,up,attack,3,32,1,2,6,8,15,7,10,70,,0,0,0
axe,tier4,up,hurt,0,32,1,3,6,9,15,7,10,70,,0,0,0
axe,tier4,up,hurt,1,32,1,2,6,8,15,7,10,70,,0,0,0
axe,tier5,down,idle,0,44,1,14,4,22,14,9,11,99,,0,0,0
axe,tier5,down,idle,1,44,1,14,5,22,15,9,11,99,,0,0,0
axe,tier5,down,walk,0,44,1,14,5,22,15,9,11,99,,0,0,0
axe,tier5,down,walk,1,44,1,14,5,22,15,9,11,99,,0,0,0
axe,tier5,down,walk,2,44,1,14,3,22,13,9,11,99,,0,0,0
axe,tier5,down,walk,3,44,1,14,5,22,15,9,11,99,,0,0,0
axe,tier5,down,attack,0,44,1,14,2,22,12,9,11,99,,0,0,0
axe,tier5,down,attack,1,41,1,13,14,21,21,9,8,72,,0,0,0
axe,tier5,down,attack,2,41,1,14,14,22,21,9,8,72,,0,0,0
axe,tier5,down,attack,3,44,1,14,4,22,14,9,11,99,,0,0,0
axe,tier5,down,hurt,0,44,1,13,4,21,14,9,11,99,,0,0,1
axe,tier5,down,hurt,1,44,1,14,4,22,14,9,11,99,,0,0,0
axe,tier5,left,idle,0,44,1,1,4,9,14,9,11,99,,0,0,1
axe,tier5,left,idle,1,44,1,1,5,9,15,9,11,99,,0,0,1
axe,tier5,left,walk,0,44,1,1,3,9,13,9,11,99,,0,0,0
axe,tier5,left,walk,1,44,1,1,5,9,15,9,11,99,,0,0,1
axe,tier5,left,walk,2,44,1,1,5,9,15,9,11,99,,0,0,0
axe,tier5,left,walk,3,44,1,1,5,9,15,9,11,99,,0,0,1
axe,tier5,left,attack,0,44,1,1,2,9,12,9,11,99,,0,0,0
axe,tier5,left,attack,1,40,1,2,9,9,17,8,9,72,,0,0,0
axe,tier5,left,attack,2,40,1,2,8,9,16,8,9,72,,0,0,0
axe,tier5,left,attack,3,44,1,1,4,9,14,9,11,99,,0,0,1
axe,tier5,left,hurt,0,44,1,1,5,9,15,9,11,99,,0,0,0
axe,tier5,left,hurt,1,44,1,1,4,9,14,9,11,99,,0,0,1
axe,tier5,right,idle,0,44,1,14,4,22,14,9,11,99,,0,0,1
axe,tier5,right,idle,1,44,1,14,5,22,15,9,11,99,,0,0,1
axe,tier5,right,walk,0,44,1,14,5,22,15,9,11,99,,0,0,0
axe,tier5,right,walk,1,44,1,14,5,22,15,9,11,99,,0,0,1
axe,tier5,right,walk,2,44,1,14,3,22,13,9,11,99,,0,0,0
axe,tier5,right,walk,3,44,1,14,5,22,15,9,11,99,,0,0,1
axe,tier5,right,attack,0,44,1,14,2,22,12,9,11,99,,0,0,0
axe,tier5,right,attack,1,40,1,14,9,21,17,8,9,72,,0,0,0
axe,tier5,right,attack,2,40,1,14,8,21,16,8,9,72,,0,0,0
axe,tier5,right,attack,3,44,1,14,4,22,14,9,11,99,,0,0,1
axe,tier5,right,hurt,0,44,1,14,5,22,15,9,11,99,,0,0,0
axe,tier5,right,hurt,1,44,1,14,4,22,14,9,11,99,,0,0,1
axe,tier5,up,idle,0,44,1,1,5,9,15,9,11,99,,0,0,0
axe,tier5,up,idle,1,44,1,1,6,9,16,9,11,99,,0,0,0
axe,tier5,up,walk,0,44,1,1,6,9,16,9,11,99,,0,0,0
axe,tier5,up,walk,1,44,1,1,6,9,16,9,11,99,,0,0,0
axe,tier5,up,walk,2,44,1,1,4,9,14,9,11,99,,0,0,0
axe,tier5,up,walk,3,44,1,1,6,9,16,9,11,99,,0,0,0
axe,tier5,up,attack,0,44,1,1,3,9,13,9,11,99,,0,0,0
axe,tier5,up,attack,1,45,1,2,2,10,13,9,12,108,,0,0,0
axe,tier5,up,attack,2,45,1,1,2,9,13,9,12,108,,0,0,0
axe,tier5,up,attack,3,44,1,1,5,9,15,9,11,99,,0,0,0
axe,tier5,up,hurt,0,44,1,2,5,10,15,9,11,99,,0,0,0
axe,tier5,up,hurt,1,44,1,1,5,9,15,9,11,99,,0,0,0
warhammer,tier1,down,idle,0,20,1,14,7,20,14,7,8,56,,0,0,0
warhammer,tier1,down,idle,1,20,1,14,8,20,15,7,8,56,,0,0,0
warhammer,tier1,down,walk,0,20,1,14,8,20,15,7,8,56,,0,0,0
warhammer,tier1,down,walk,1,20,1,14,8,20,15,7,8,56,,0,0,0
warhammer,tier1,down,walk,2,20,1,14,6,20,13,7,8,56,,0,0,0
warhammer,tier1,down,walk,3,20,1,14,8,20,15,7,8,56,,0,0,0
warhammer,tier1,down,attack,0,22,1,14,5,20,14,7,10,70,,0,0,0
warhammer,tier1,down,attack,1,22,1,13,14,19,23,7,10,70,bottom,0,0,0
warhammer,tier1,down,attack,2,22,1,14,14,20,23,7,10,70,bottom,0,0,0
warhammer,tier1,down,attack,3,20,1,14,7,20,14,7,8,56,,0,0,0
warhammer,tier1,down,hurt,0,20,1,13,7,19,14,7,8,56,,0,0,1
warhammer,tier1,down,hurt,1,20,1,14,7,20,14,7,8,56,,0,0,0
warhammer,tier1,left,idle,0,20,1,3,7,9,14,7,8,56,,0,0,1
warhammer,tier1,left,idle,1,20,1,3,8,9,15,7,8,56,,0,0,1
warhammer,tier1,left,walk,0,20,1,3,6,9,13,7,8,56,,0,0,0
warhammer,tier1,left,walk,1,20,1,3,8,9,15,7,8,56,,0,0,1
warhammer,tier1,left,walk,2,20,1,3,8,9,15,7,8,56,,0,0,0
warhammer,tier1,left,walk,3,20,1,3,8,9,15,7,8,56,,0,0,1
warhammer,tier1,left,attack,0,22,1,3,5,9,14,7,10,70,,0,0,0
warhammer,tier1,left,attack,1,22,1,0,11,9,17,10,7,70,left,0,0,0
warhammer,tier1,left,attack,2,22,1,0,10,9,16,10,7,70,left,0,0,0
warhammer,tier1,left,attack,3,20,1,3,7,9,14,7,8,56,,0,0,1
warhammer,tier1,left,hurt,0,20,1,3,8,9,15,7,8,56,,0,0,0
warhammer,tier1,left,hurt,1,20,1,3,7,9,14,7,8,56,,0,0,1
warhammer,tier1,right,idle,0,20,1,14,7,20,14,7,8,56,,0,0,1
warhammer,tier1,right,idle,1,20,1,14,8,20,15,7,8,56,,0,0,1
warhammer,tier1,right,walk,0,20,1,14,8,20,15,7,8,56,,0,0,0
warhammer,tier1,right,walk,1,20,1,14,8,20,15,7,8,56,,0,0,1
warhammer,tier1,right,walk,2,20,1,14,6,20,13,7,8,56,,0,0,0
warhammer,tier1,right,walk,3,20,1,14,8,20,15,7,8,56,,0,0,1
warhammer,tier1,right,attack,0,22,1,14,5,20,14,7,10,70,,0,0,0
warhammer,tier1,right,attack,1,22,1,14,11,23,17,10,7,70,right,0,0,0
warhammer,tier1,right,attack,2,22,1,14,10,23,16,10,7,70,right,0,0,0
warhammer,tier1,right,attack,3,20,1,14,7,20,14,7,8,56,,0,0,1
warhammer,tier1,right,hurt,0,20,1,14,8,20,15,7,8,56,,0,0,0
warhammer,tier1,right,hurt,1,20,1,14,7,20,14,7,8,56,,0,0,1
warhammer,tier1,up,idle,0,16,1,3,7,9,10,7,4,28,,0,0,0
warhammer,tier1,up,idle,1,16,1,3,8,9,11,7,4,28,,0,0,0
warhammer,tier1,up,walk,0,16,1,3,8,9,11,7,4,28,,0,0,0
warhammer,tier1,up,walk,1,16,1,3,8,9,11,7,4,28,,0,0,0
warhammer,tier1,up,walk,2,16,1,3,6,9,9,7,4,28,,0,0,0
warhammer,tier1,up,walk,3,16,1,3,8,9,11,7,4,28,,0,0,0
warhammer,tier1,up,attack,0,18,1,3,5,9,10,7,6,42,,0,0,0
warhammer,tier1,up,attack,1,23,1,4,0,10,10,7,11,77,top,0,1,0
warhammer,tier1,up,attack,2,23,1,3,0,9,10,7,11,77,top,0,1,0
warhammer,tier1,up,attack,3,16,1,3,7,9,10,7,4,28,,0,0,0
warhammer,tier1,up,hurt,0,16,1,4,7,10,10,7,4,28,,0,0,0
warhammer,tier1,up,hurt,1,16,1,3,7,9,10,7,4,28,,0,0,0
warhammer,tier2,down,idle,0,27,1,14,6,20,14,7,9,63,,0,0,0
warhammer,tier2,down,idle,1,27,1,14,7,20,15,7,9,63,,0,0,0
warhammer,tier2,down,walk,0,27,1,14,7,20,15,7,9,63,,0,0,0
warhammer,tier2,down,walk,1,27,1,14,7,20,15,7,9,63,,0,0,0
warhammer,tier2,down,walk,2,27,1,14,5,20,13,7,9,63,,0,0,0
warhammer,tier2,down,walk,3,27,1,14,7,20,15,7,9,63,,0,0,0
warhammer,tier2,down,attack,0,29,1,14,4,20,14,7,11,77,,0,0,0
warhammer,tier2,down,attack,1,28,1,13,14,19,23,7,10,70,bottom,0,0,0
warhammer,tier2,down,attack,2,28,1,14,14,20,23,7,10,70,bottom,0,0,0
warhammer,tier2,down,attack,3,27,1,14,6,20,14,7,9,63,,0,0,0
warhammer,tier2,down,hurt,0,27,1,13,6,19,14,7,9,63,,0,0,1
warhammer,tier2,down,hurt,1,27,1,14,6,20,14,7,9,63,,0,0,0
warhammer,tier2,left,idle,0,27,1,3,6,9,14,7,9,63,,0,0,1
warhammer,tier2,left,idle,1,27,1,3,7,9,15,7,9,63,,0,0,1
warhammer,tier2,left,walk,0,27,1,3,5,9,13,7,9,63,,0,0,0
warhammer,tier2,left,walk,1,27,1,3,7,9,15,7,9,63,,0,0,1
warhammer,tier2,left,walk,2,27,1,3,7,9,15,7,9,63,,0,0,1
warhammer,tier2,left,walk,3,27,1,3,7,9,15,7,9,63,,0,0,1
warhammer,tier2,left,attack,0,29,1,3,4,9,14,7,11,77,,0,0,0
warhammer,tier2,left,attack,1,28,1,0,11,9,17,10,7,70,left,0,0,0
warhammer,tier2,left,attack,2,28,1,0,10,9,16,10,7,70,left,0,0,0
warhammer,tier2,left,attack,3,27,1,3,6,9,14,7,9,63,,0,0,1
warhammer,tier2,left,hurt,0,27,1,3,7,9,15,7,9,63,,0,0,1
warhammer,tier2,left,hurt,1,27,1,3,6,9,14,7,9,63,,0,0,1
warhammer,tier2,right,idle,0,27,1,14,6,20,14,7,9,63,,0,0,1
warhammer,tier2,right,idle,1,27,1,14,7,20,15,7,9,63,,0,0,1
warhammer,tier2,right,walk,0,27,1,14,7,20,15,7,9,63,,0,0,1
warhammer,tier2,right,walk,1,27,1,14,7,20,15,7,9,63,,0,0,1
warhammer,tier2,right,walk,2,27,1,14,5,20,13,7,9,63,,0,0,0
warhammer,tier2,right,walk,3,27,1,14,7,20,15,7,9,63,,0,0,1
warhammer,tier2,right,attack,0,29,1,14,4,20,14,7,11,77,,0,0,0
warhammer,tier2,right,attack,1,28,1,14,11,23,17,10,7,70,right,0,0,0
warhammer,tier2,right,attack,2,28,1,14,10,23,16,10,7,70,right,0,0,0
warhammer,tier2,right,attack,3,27,1,14,6,20,14,7,9,63,,0,0,1
warhammer,tier2,right,hurt,0,27,1,14,7,20,15,7,9,63,,0,0,1
warhammer,tier2,right,hurt,1,27,1,14,6,20,14,7,9,63,,0,0,1
warhammer,tier2,up,idle,0,23,1,3,6,9,10,7,5,35,,0,0,0
warhammer,tier2,up,idle,1,23,1,3,7,9,11,7,5,35,,0,0,0
warhammer,tier2,up,walk,0,23,1,3,7,9,11,7,5,35,,0,0,0
warhammer,tier2,up,walk,1,23,1,3,7,9,11,7,5,35,,0,0,0
warhammer,tier2,up,walk,2,23,1,3,5,9,9,7,5,35,,0,0,0
warhammer,tier2,up,walk,3,23,1,3,7,9,11,7,5,35,,0,0,0
warhammer,tier2,up,attack,0,25,1,3,4,9,10,7,7,49,,0,0,0
warhammer,tier2,up,attack,1,29,1,4,0,10,10,7,11,77,top,0,0,0
warhammer,tier2,up,attack,2,29,1,3,0,9,10,7,11,77,top,0,1,0
warhammer,tier2,up,attack,3,23,1,3,6,9,10,7,5,35,,0,0,0
warhammer,tier2,up,hurt,0,23,1,4,6,10,10,7,5,35,,0,0,0
warhammer,tier2,up,hurt,1,23,1,3,6,9,10,7,5,35,,0,0,0
warhammer,tier3,down,idle,0,31,1,13,6,21,14,9,9,81,,0,0,1
warhammer,tier3,down,idle,1,31,1,13,7,21,15,9,9,81,,0,0,1
warhammer,tier3,down,walk,0,31,1,13,7,21,15,9,9,81,,0,0,1
warhammer,tier3,down,walk,1,31,1,13,7,21,15,9,9,81,,0,0,1
warhammer,tier3,down,walk,2,31,1,13,5,21,13,9,9,81,,0,0,0
warhammer,tier3,down,walk,3,31,1,13,7,21,15,9,9,81,,0,0,1
warhammer,tier3,down,attack,0,33,1,13,4,21,14,9,11,99,,0,0,0
warhammer,tier3,down,attack,1,32,1,12,14,20,23,9,10,90,bottom,0,0,0
warhammer,tier3,down,attack,2,32,1,13,14,21,23,9,10,90,bottom,0,0,0
warhammer,tier3,down,attack,3,31,1,13,6,21,14,9,9,81,,0,0,1
warhammer,tier3,down,hurt,0,31,1,12,6,20,14,9,9,81,,0,0,1
warhammer,tier3,down,hurt,1,31,1,13,6,21,14,9,9,81,,0,0,1
warhammer,tier3,left,idle,0,31,1,2,6,10,14,9,9,81,,0,0,1
warhammer,tier3,left,idle,1,31,1,2,7,10,15,9,9,81,,0,0,1
warhammer,tier3,left,walk,0,31,1,2,5,10,13,9,9,81,,0,0,1
warhammer,tier3,left,walk,1,31,1,2,7,10,15,9,9,81,,0,0,1
warhammer,tier3,left,walk,2,31,1,2,7,10,15,9,9,81,,0,0,1
warhammer,tier3,left,walk,3,31,1,2,7,10,15,9,9,81,,0,0,1
warhammer,tier3,left,attack,0,33,1,2,4,10,14,9,11,99,,0,0,0
warhammer,tier3,left,attack,1,32,1,0,10,9,18,10,9,90,left,0,0,0
warhammer,tier3,left,attack,2,32,1,0,9,9,17,10,9,90,left,0,0,0
warhammer,tier3,left,attack,3,31,1,2,6,10,14,9,9,81,,0,0,1
warhammer,tier3,left,hurt,0,31,1,2,7,10,15,9,9,81,,0,0,1
warhammer,tier3,left,hurt,1,31,1,2,6,10,14,9,9,81,,0,0,1
warhammer,tier3,right,idle,0,31,1,13,6,21,14,9,9,81,,0,0,1
warhammer,tier3,right,idle,1,31,1,13,7,21,15,9,9,81,,0,0,1
warhammer,tier3,right,walk,0,31,1,13,7,21,15,9,9,81,,0,0,1
warhammer,tier3,right,walk,1,31,1,13,7,21,15,9,9,81,,0,0,1
warhammer,tier3,right,walk,2,31,1,13,5,21,13,9,9,81,,0,0,1
warhammer,tier3,right,walk,3,31,1,13,7,21,15,9,9,81,,0,0,1
warhammer,tier3,right,attack,0,33,1,13,4,21,14,9,11,99,,0,0,0
warhammer,tier3,right,attack,1,32,1,14,10,23,18,10,9,90,right,0,0,0
warhammer,tier3,right,attack,2,32,1,14,9,23,17,10,9,90,right,0,0,0
warhammer,tier3,right,attack,3,31,1,13,6,21,14,9,9,81,,0,0,1
warhammer,tier3,right,hurt,0,31,1,13,7,21,15,9,9,81,,0,0,1
warhammer,tier3,right,hurt,1,31,1,13,6,21,14,9,9,81,,0,0,1
warhammer,tier3,up,idle,0,27,1,2,6,10,10,9,5,45,,0,0,0
warhammer,tier3,up,idle,1,27,1,2,7,10,11,9,5,45,,0,0,0
warhammer,tier3,up,walk,0,27,1,2,7,10,11,9,5,45,,0,0,0
warhammer,tier3,up,walk,1,27,1,2,7,10,11,9,5,45,,0,0,0
warhammer,tier3,up,walk,2,27,1,2,5,10,9,9,5,45,,0,0,0
warhammer,tier3,up,walk,3,27,1,2,7,10,11,9,5,45,,0,0,0
warhammer,tier3,up,attack,0,29,1,2,4,10,10,9,7,63,,0,0,0
warhammer,tier3,up,attack,1,33,1,3,0,11,10,9,11,99,top,0,0,0
warhammer,tier3,up,attack,2,33,1,2,0,10,10,9,11,99,top,0,0,0
warhammer,tier3,up,attack,3,27,1,2,6,10,10,9,5,45,,0,0,0
warhammer,tier3,up,hurt,0,27,1,3,6,11,10,9,5,45,,0,0,0
warhammer,tier3,up,hurt,1,27,1,2,6,10,10,9,5,45,,0,0,0
warhammer,tier4,down,idle,0,39,1,13,5,21,14,9,10,90,,0,0,1
warhammer,tier4,down,idle,1,39,1,13,6,21,15,9,10,90,,0,0,1
warhammer,tier4,down,walk,0,39,1,13,6,21,15,9,10,90,,0,0,1
warhammer,tier4,down,walk,1,39,1,13,6,21,15,9,10,90,,0,0,1
warhammer,tier4,down,walk,2,39,1,13,4,21,13,9,10,90,,0,0,0
warhammer,tier4,down,walk,3,39,1,13,6,21,15,9,10,90,,0,0,1
warhammer,tier4,down,attack,0,41,1,13,3,21,14,9,12,108,,0,0,0
warhammer,tier4,down,attack,1,39,1,12,14,20,23,9,10,90,bottom,0,0,0
warhammer,tier4,down,attack,2,39,1,13,14,21,23,9,10,90,bottom,0,0,0
warhammer,tier4,down,attack,3,39,1,13,5,21,14,9,10,90,,0,0,1
warhammer,tier4,down,hurt,0,39,1,12,5,20,14,9,10,90,,0,0,1
warhammer,tier4,down,hurt,1,39,1,13,5,21,14,9,10,90,,0,0,1
warhammer,tier4,left,idle,0,39,1,2,5,10,14,9,10,90,,0,0,1
warhammer,tier4,left,idle,1,39,1,2,6,10,15,9,10,90,,0,0,1
warhammer,tier4,left,walk,0,39,1,2,4,10,13,9,10,90,,0,0,0
warhammer,tier4,left,walk,1,39,1,2,6,10,15,9,10,90,,0,0,1
warhammer,tier4,left,walk,2,39,1,2,6,10,15,9,10,90,,0,0,1
warhammer,tier4,left,walk,3,39,1,2,6,10,15,9,10,90,,0,0,1
warhammer,tier4,left,attack,0,41,1,2,3,10,14,9,12,108,,0,0,0
warhammer,tier4,left,attack,1,39,1,0,10,9,18,10,9,90,left,0,0,0
warhammer,tier4,left,attack,2,39,1,0,9,9,17,10,9,90,left,0,0,0
warhammer,tier4,left,attack,3,39,1,2,5,10,14,9,10,90,,0,0,1
warhammer,tier4,left,hurt,0,39,1,2,6,10,15,9,10,90,,0,0,1
warhammer,tier4,left,hurt,1,39,1,2,5,10,14,9,10,90,,0,0,1
warhammer,tier4,right,idle,0,39,1,13,5,21,14,9,10,90,,0,0,1
warhammer,tier4,right,idle,1,39,1,13,6,21,15,9,10,90,,0,0,1
warhammer,tier4,right,walk,0,39,1,13,6,21,15,9,10,90,,0,0,1
warhammer,tier4,right,walk,1,39,1,13,6,21,15,9,10,90,,0,0,1
warhammer,tier4,right,walk,2,39,1,13,4,21,13,9,10,90,,0,0,0
warhammer,tier4,right,walk,3,39,1,13,6,21,15,9,10,90,,0,0,1
warhammer,tier4,right,attack,0,41,1,13,3,21,14,9,12,108,,0,0,0
warhammer,tier4,right,attack,1,39,1,14,10,23,18,10,9,90,right,0,0,0
warhammer,tier4,right,attack,2,39,1,14,9,23,17,10,9,90,right,0,0,0
warhammer,tier4,right,attack,3,39,1,13,5,21,14,9,10,90,,0,0,1
warhammer,tier4,right,hurt,0,39,1,13,6,21,15,9,10,90,,0,0,1
warhammer,tier4,right,hurt,1,39,1,13,5,21,14,9,10,90,,0,0,1
warhammer,tier4,up,idle,0,35,1,2,5,10,10,9,6,54,,0,0,0
warhammer,tier4,up,idle,1,35,1,2,6,10,11,9,6,54,,0,0,0
warhammer,tier4,up,walk,0,35,1,2,6,10,11,9,6,54,,0,0,0
warhammer,tier4,up,walk,1,35,1,2,6,10,11,9,6,54,,0,0,0
warhammer,tier4,up,walk,2,35,1,2,4,10,9,9,6,54,,0,0,0
warhammer,tier4,up,walk,3,35,1,2,6,10,11,9,6,54,,0,0,0
warhammer,tier4,up,attack,0,37,1,2,3,10,10,9,8,72,,0,0,0
warhammer,tier4,up,attack,1,40,1,3,0,11,10,9,11,99,top,0,0,0
warhammer,tier4,up,attack,2,40,1,2,0,10,10,9,11,99,top,0,0,0
warhammer,tier4,up,attack,3,35,1,2,5,10,10,9,6,54,,0,0,0
warhammer,tier4,up,hurt,0,35,1,3,5,11,10,9,6,54,,0,0,0
warhammer,tier4,up,hurt,1,35,1,2,5,10,10,9,6,54,,0,0,0
warhammer,tier5,down,idle,0,43,1,13,4,21,14,9,11,99,,0,0,0
warhammer,tier5,down,idle,1,43,1,13,5,21,15,9,11,99,,0,0,0
warhammer,tier5,down,walk,0,43,1,13,5,21,15,9,11,99,,0,0,1
warhammer,tier5,down,walk,1,43,1,13,5,21,15,9,11,99,,0,0,0
warhammer,tier5,down,walk,2,43,1,13,3,21,13,9,11,99,,0,0,0
warhammer,tier5,down,walk,3,43,1,13,5,21,15,9,11,99,,0,0,0
warhammer,tier5,down,attack,0,45,1,13,2,21,14,9,13,117,,0,0,0
warhammer,tier5,down,attack,1,42,1,12,14,20,23,9,10,90,bottom,0,0,0
warhammer,tier5,down,attack,2,42,1,13,14,21,23,9,10,90,bottom,0,0,0
warhammer,tier5,down,attack,3,43,1,13,4,21,14,9,11,99,,0,0,0
warhammer,tier5,down,hurt,0,43,1,12,4,20,14,9,11,99,,0,0,1
warhammer,tier5,down,hurt,1,43,1,13,4,21,14,9,11,99,,0,0,0
warhammer,tier5,left,idle,0,43,1,2,4,10,14,9,11,99,,0,0,1
warhammer,tier5,left,idle,1,43,1,2,5,10,15,9,11,99,,0,0,1
warhammer,tier5,left,walk,0,43,1,2,3,10,13,9,11,99,,0,0,0
warhammer,tier5,left,walk,1,43,1,2,5,10,15,9,11,99,,0,0,1
warhammer,tier5,left,walk,2,43,1,2,5,10,15,9,11,99,,0,0,1
warhammer,tier5,left,walk,3,43,1,2,5,10,15,9,11,99,,0,0,1
warhammer,tier5,left,attack,0,45,1,2,2,10,14,9,13,117,,0,0,0
warhammer,tier5,left,attack,1,42,1,0,10,9,18,10,9,90,left,0,0,0
warhammer,tier5,left,attack,2,42,1,0,9,9,17,10,9,90,left,0,0,0
warhammer,tier5,left,attack,3,43,1,2,4,10,14,9,11,99,,0,0,1
warhammer,tier5,left,hurt,0,43,1,2,5,10,15,9,11,99,,0,0,1
warhammer,tier5,left,hurt,1,43,1,2,4,10,14,9,11,99,,0,0,1
warhammer,tier5,right,idle,0,43,1,13,4,21,14,9,11,99,,0,0,1
warhammer,tier5,right,idle,1,43,1,13,5,21,15,9,11,99,,0,0,1
warhammer,tier5,right,walk,0,43,1,13,5,21,15,9,11,99,,0,0,1
warhammer,tier5,right,walk,1,43,1,13,5,21,15,9,11,99,,0,0,1
warhammer,tier5,right,walk,2,43,1,13,3,21,13,9,11,99,,0,0,0
warhammer,tier5,right,walk,3,43,1,13,5,21,15,9,11,99,,0,0,1
warhammer,tier5,right,attack,0,45,1,13,2,21,14,9,13,117,,0,0,0
warhammer,tier5,right,attack,1,42,1,14,10,23,18,10,9,90,right,0,0,0
warhammer,tier5,right,attack,2,42,1,14,9,23,17,10,9,90,right,0,0,0
warhammer,tier5,right,attack,3,43,1,13,4,21,14,9,11,99,,0,0,1
warhammer,tier5,right,hurt,0,43,1,13,5,21,15,9,11,99,,0,0,1
warhammer,tier5,right,hurt,1,43,1,13,4,21,14,9,11,99,,0,0,1
warhammer,tier5,up,idle,0,39,1,2,4,10,10,9,7,63,,0,0,0
warhammer,tier5,up,idle,1,39,1,2,5,10,11,9,7,63,,0,0,0
warhammer,tier5,up,walk,0,39,1,2,5,10,11,9,7,63,,0,0,0
warhammer,tier5,up,walk,1,39,1,2,5,10,11,9,7,63,,0,0,0
warhammer,tier5,up,walk,2,39,1,2,3,10,9,9,7,63,,0,0,0
warhammer,tier5,up,walk,3,39,1,2,5,10,11,9,7,63,,0,0,0
warhammer,tier5,up,attack,0,41,1,2,2,10,10,9,9,81,,0,0,0
warhammer,tier5,up,attack,1,43,1,3,0,11,10,9,11,99,top,0,0,0
warhammer,tier5,up,attack,2,43,1,2,0,10,10,9,11,99,top,0,0,0
warhammer,tier5,up,attack,3,39,1,2,4,10,10,9,7,63,,0,0,0
warhammer,tier5,up,hurt,0,39,1,3,4,11,10,9,7,63,,0,0,0
warhammer,tier5,up,hurt,1,39,1,2,4,10,10,9,7,63,,0,0,0
bow,tier1,down,idle,0,22,1,18,7,22,17,5,11,55,,0,1,0
bow,tier1,down,idle,1,22,1,18,8,22,18,5,11,55,,0,1,0
bow,tier1,down,walk,0,22,1,18,8,22,18,5,11,55,,0,1,0
bow,tier1,down,walk,1,22,1,18,8,22,18,5,11,55,,0,1,0
bow,tier1,down,walk,2,22,1,18,6,22,16,5,11,55,,0,1,0
bow,tier1,down,walk,3,22,1,18,8,22,18,5,11,55,,0,1,0
bow,tier1,down,attack,0,22,1,16,7,22,17,7,11,77,,0,0,0
bow,tier1,down,attack,1,22,1,17,7,21,17,5,11,55,,0,0,0
bow,tier1,down,attack,2,22,1,18,7,22,17,5,11,55,,0,1,0
bow,tier1,down,attack,3,22,1,18,7,22,17,5,11,55,,0,1,0
bow,tier1,down,hurt,0,22,1,17,7,21,17,5,11,55,,0,0,0
bow,tier1,down,hurt,1,22,1,18,7,22,17,5,11,55,,0,1,0
bow,tier1,left,idle,0,22,1,3,7,7,17,5,11,55,,0,0,0
bow,tier1,left,idle,1,22,1,3,8,7,18,5,11,55,,0,0,0
bow,tier1,left,walk,0,22,1,3,6,7,16,5,11,55,,0,0,0
bow,tier1,left,walk,1,22,1,3,8,7,18,5,11,55,,0,0,0
bow,tier1,left,walk,2,22,1,3,8,7,18,5,11,55,,0,0,0
bow,tier1,left,walk,3,22,1,3,8,7,18,5,11,55,,0,0,0
bow,tier1,left,attack,0,29,1,1,7,9,17,9,11,99,,0,0,0
bow,tier1,left,attack,1,27,1,3,8,9,18,7,11,77,,0,0,1
bow,tier1,left,attack,2,27,1,3,7,9,17,7,11,77,,0,0,1
bow,tier1,left,attack,3,22,1,3,7,7,17,5,11,55,,0,0,0
bow,tier1,left,hurt,0,22,1,3,8,7,18,5,11,55,,0,0,0
bow,tier1,left,hurt,1,22,1,3,7,7,17,5,11,55,,0,0,0
bow,tier1,right,idle,0,22,1,16,7,20,17,5,11,55,,0,0,0
bow,tier1,right,idle,1,22,1,16,8,20,18,5,11,55,,0,0,0
bow,tier1,right,walk,0,22,1,16,8,20,18,5,11,55,,0,0,0
bow,tier1,right,walk,1,22,1,16,8,20,18,5,11,55,,0,0,0
bow,tier1,right,walk,2,22,1,16,6,20,16,5,11,55,,0,0,0
bow,tier1,right,walk,3,22,1,16,8,20,18,5,11,55,,0,0,0
bow,tier1,right,attack,0,29,1,14,7,22,17,9,11,99,,0,0,0
bow,tier1,right,attack,1,27,1,14,8,20,18,7,11,77,,0,0,1
bow,tier1,right,attack,2,27,1,14,7,20,17,7,11,77,,0,0,1
bow,tier1,right,attack,3,22,1,16,7,20,17,5,11,55,,0,0,0
bow,tier1,right,hurt,0,22,1,16,8,20,18,5,11,55,,0,0,0
bow,tier1,right,hurt,1,22,1,16,7,20,17,5,11,55,,0,0,0
bow,tier1,up,idle,0,22,1,2,7,6,17,5,11,55,,0,0,0
bow,tier1,up,idle,1,22,1,2,8,6,18,5,11,55,,0,0,0
bow,tier1,up,walk,0,22,1,2,8,6,18,5,11,55,,0,0,0
bow,tier1,up,walk,1,22,1,2,8,6,18,5,11,55,,0,0,0
bow,tier1,up,walk,2,22,1,2,6,6,16,5,11,55,,0,0,0
bow,tier1,up,walk,3,22,1,2,8,6,18,5,11,55,,0,0,0
bow,tier1,up,attack,0,22,1,2,7,8,17,7,11,77,,0,0,0
bow,tier1,up,attack,1,22,1,3,7,7,17,5,11,55,,0,0,0
bow,tier1,up,attack,2,22,1,2,7,6,17,5,11,55,,0,0,0
bow,tier1,up,attack,3,22,1,2,7,6,17,5,11,55,,0,0,0
bow,tier1,up,hurt,0,22,1,3,7,7,17,5,11,55,,0,0,0
bow,tier1,up,hurt,1,22,1,2,7,6,17,5,11,55,,0,0,0
bow,tier2,down,idle,0,24,1,18,6,22,18,5,13,65,,0,1,0
bow,tier2,down,idle,1,24,1,18,7,22,19,5,13,65,,0,1,0
bow,tier2,down,walk,0,24,1,18,7,22,19,5,13,65,,0,1,0
bow,tier2,down,walk,1,24,1,18,7,22,19,5,13,65,,0,1,0
bow,tier2,down,walk,2,24,1,18,5,22,17,5,13,65,,0,1,0
bow,tier2,down,walk,3,24,1,18,7,22,19,5,13,65,,0,1,0
bow,tier2,down,attack,0,24,1,16,6,22,18,7,13,91,,0,0,0
bow,tier2,down,attack,1,24,1,17,6,21,18,5,13,65,,0,0,0
bow,tier2,down,attack,2,24,1,18,6,22,18,5,13,65,,0,1,0
bow,tier2,down,attack,3,24,1,18,6,22,18,5,13,65,,0,1,0
bow,tier2,down,hurt,0,24,1,17,6,21,18,5,13,65,,0,0,0
bow,tier2,down,hurt,1,24,1,18,6,22,18,5,13,65,,0,1,0
bow,tier2,left,idle,0,24,1,3,6,7,18,5,13,65,,0,0,0
bow,tier2,left,idle,1,24,1,3,7,7,19,5,13,65,,0,0,0
bow,tier2,left,walk,0,24,1,3,5,7,17,5,13,65,,0,0,0
bow,tier2,left,walk,1,24,1,3,7,7,19,5,13,65,,0,0,0
bow,tier2,left,walk,2,24,1,3,7,7,19,5,13,65,,0,0,0
bow,tier2,left,walk,3,24,1,3,7,7,19,5,13,65,,0,0,0
bow,tier2,left,attack,0,31,1,1,6,9,18,9,13,117,,0,0,0
bow,tier2,left,attack,1,29,1,3,7,9,19,7,13,91,,0,0,1
bow,tier2,left,attack,2,29,1,3,6,9,18,7,13,91,,0,0,1
bow,tier2,left,attack,3,24,1,3,6,7,18,5,13,65,,0,0,0
bow,tier2,left,hurt,0,24,1,3,7,7,19,5,13,65,,0,0,0
bow,tier2,left,hurt,1,24,1,3,6,7,18,5,13,65,,0,0,0
bow,tier2,right,idle,0,24,1,16,6,20,18,5,13,65,,0,0,0
bow,tier2,right,idle,1,24,1,16,7,20,19,5,13,65,,0,0,0
bow,tier2,right,walk,0,24,1,16,7,20,19,5,13,65,,0,0,0
bow,tier2,right,walk,1,24,1,16,7,20,19,5,13,65,,0,0,0
bow,tier2,right,walk,2,24,1,16,5,20,17,5,13,65,,0,0,0
bow,tier2,right,walk,3,24,1,16,7,20,19,5,13,65,,0,0,0
bow,tier2,right,attack,0,31,1,14,6,22,18,9,13,117,,0,0,0
bow,tier2,right,attack,1,29,1,14,7,20,19,7,13,91,,0,0,1
bow,tier2,right,attack,2,29,1,14,6,20,18,7,13,91,,0,0,1
bow,tier2,right,attack,3,24,1,16,6,20,18,5,13,65,,0,0,0
bow,tier2,right,hurt,0,24,1,16,7,20,19,5,13,65,,0,0,0
bow,tier2,right,hurt,1,24,1,16,6,20,18,5,13,65,,0,0,0
bow,tier2,up,idle,0,24,1,2,6,6,18,5,13,65,,0,0,0
bow,tier2,up,idle,1,24,1,2,7,6,19,5,13,65,,0,0,0
bow,tier2,up,walk,0,24,1,2,7,6,19,5,13,65,,0,0,0
bow,tier2,up,walk,1,24,1,2,7,6,19,5,13,65,,0,0,0
bow,tier2,up,walk,2,24,1,2,5,6,17,5,13,65,,0,0,0
bow,tier2,up,walk,3,24,1,2,7,6,19,5,13,65,,0,0,0
bow,tier2,up,attack,0,24,1,2,6,8,18,7,13,91,,0,0,0
bow,tier2,up,attack,1,24,1,3,6,7,18,5,13,65,,0,0,0
bow,tier2,up,attack,2,24,1,2,6,6,18,5,13,65,,0,0,0
bow,tier2,up,attack,3,24,1,2,6,6,18,5,13,65,,0,0,0
bow,tier2,up,hurt,0,24,1,3,6,7,18,5,13,65,,0,0,0
bow,tier2,up,hurt,1,24,1,2,6,6,18,5,13,65,,0,0,0
bow,tier3,down,idle,0,26,1,18,6,22,18,5,13,65,,0,1,0
bow,tier3,down,idle,1,26,1,18,7,22,19,5,13,65,,0,1,0
bow,tier3,down,walk,0,26,1,18,7,22,19,5,13,65,,0,1,0
bow,tier3,down,walk,1,26,1,18,7,22,19,5,13,65,,0,1,0
bow,tier3,down,walk,2,26,1,18,5,22,17,5,13,65,,0,1,0
bow,tier3,down,walk,3,26,1,18,7,22,19,5,13,65,,0,1,0
bow,tier3,down,attack,0,26,1,16,6,22,18,7,13,91,,0,0,0
bow,tier3,down,attack,1,26,1,17,6,21,18,5,13,65,,0,0,0
bow,tier3,down,attack,2,26,1,18,6,22,18,5,13,65,,0,1,0
bow,tier3,down,attack,3,26,1,18,6,22,18,5,13,65,,0,1,0
bow,tier3,down,hurt,0,26,1,17,6,21,18,5,13,65,,0,0,0
bow,tier3,down,hurt,1,26,1,18,6,22,18,5,13,65,,0,1,0
bow,tier3,left,idle,0,26,1,3,6,7,18,5,13,65,,0,0,0
bow,tier3,left,idle,1,26,1,3,7,7,19,5,13,65,,0,0,0
bow,tier3,left,walk,0,26,1,3,5,7,17,5,13,65,,0,0,0
bow,tier3,left,walk,1,26,1,3,7,7,19,5,13,65,,0,0,0
bow,tier3,left,walk,2,26,1,3,7,7,19,5,13,65,,0,0,0
bow,tier3,left,walk,3,26,1,3,7,7,19,5,13,65,,0,0,0
bow,tier3,left,attack,0,33,1,1,6,9,18,9,13,117,,0,0,0
bow,tier3,left,attack,1,31,1,3,7,9,19,7,13,91,,0,0,1
bow,tier3,left,attack,2,31,1,3,6,9,18,7,13,91,,0,0,1
bow,tier3,left,attack,3,26,1,3,6,7,18,5,13,65,,0,0,0
bow,tier3,left,hurt,0,26,1,3,7,7,19,5,13,65,,0,0,0
bow,tier3,left,hurt,1,26,1,3,6,7,18,5,13,65,,0,0,0
bow,tier3,right,idle,0,26,1,16,6,20,18,5,13,65,,0,0,0
bow,tier3,right,idle,1,26,1,16,7,20,19,5,13,65,,0,0,0
bow,tier3,right,walk,0,26,1,16,7,20,19,5,13,65,,0,0,0
bow,tier3,right,walk,1,26,1,16,7,20,19,5,13,65,,0,0,0
bow,tier3,right,walk,2,26,1,16,5,20,17,5,13,65,,0,0,0
bow,tier3,right,walk,3,26,1,16,7,20,19,5,13,65,,0,0,0
bow,tier3,right,attack,0,33,1,14,6,22,18,9,13,117,,0,0,0
bow,tier3,right,attack,1,31,1,14,7,20,19,7,13,91,,0,0,1
bow,tier3,right,attack,2,31,1,14,6,20,18,7,13,91,,0,0,1
bow,tier3,right,attack,3,26,1,16,6,20,18,5,13,65,,0,0,0
bow,tier3,right,hurt,0,26,1,16,7,20,19,5,13,65,,0,0,0
bow,tier3,right,hurt,1,26,1,16,6,20,18,5,13,65,,0,0,0
bow,tier3,up,idle,0,26,1,2,6,6,18,5,13,65,,0,0,0
bow,tier3,up,idle,1,26,1,2,7,6,19,5,13,65,,0,0,0
bow,tier3,up,walk,0,26,1,2,7,6,19,5,13,65,,0,0,0
bow,tier3,up,walk,1,26,1,2,7,6,19,5,13,65,,0,0,0
bow,tier3,up,walk,2,26,1,2,5,6,17,5,13,65,,0,0,0
bow,tier3,up,walk,3,26,1,2,7,6,19,5,13,65,,0,0,0
bow,tier3,up,attack,0,26,1,2,6,8,18,7,13,91,,0,0,0
bow,tier3,up,attack,1,26,1,3,6,7,18,5,13,65,,0,0,0
bow,tier3,up,attack,2,26,1,2,6,6,18,5,13,65,,0,0,0
bow,tier3,up,attack,3,26,1,2,6,6,18,5,13,65,,0,0,0
bow,tier3,up,hurt,0,26,1,3,6,7,18,5,13,65,,0,0,0
bow,tier3,up,hurt,1,26,1,2,6,6,18,5,13,65,,0,0,0
bow,tier4,down,idle,0,32,1,17,5,22,19,6,15,90,,0,0,0
bow,tier4,down,idle,1,32,1,17,6,22,20,6,15,90,,0,0,0
bow,tier4,down,walk,0,32,1,17,6,22,20,6,15,90,,0,0,0
bow,tier4,down,walk,1,32,1,17,6,22,20,6,15,90,,0,0,0
bow,tier4,down,walk,2,32,1,17,4,22,18,6,15,90,,0,0,0
bow,tier4,down,walk,3,32,1,17,6,22,20,6,15,90,,0,0,0
bow,tier4,down,attack,0,32,1,14,5,22,19,9,15,135,,0,0,0
bow,tier4,down,attack,1,32,1,16,5,21,19,6,15,90,,0,0,0
bow,tier4,down,attack,2,32,1,17,5,22,19,6,15,90,,0,0,0
bow,tier4,down,attack,3,32,1,17,5,22,19,6,15,90,,0,0,0
bow,tier4,down,hurt,0,32,1,16,5,21,19,6,15,90,,0,0,0
bow,tier4,down,hurt,1,32,1,17,5,22,19,6,15,90,,0,0,0
bow,tier4,left,idle,0,32,1,3,5,8,19,6,15,90,,0,0,0
bow,tier4,left,idle,1,32,1,3,6,8,20,6,15,90,,0,0,0
bow,tier4,left,walk,0,32,1,3,4,8,18,6,15,90,,0,0,0
bow,tier4,left,walk,1,32,1,3,6,8,20,6,15,90,,0,0,0
bow,tier4,left,walk,2,32,1,3,6,8,20,6,15,90,,0,0,0
bow,tier4,left,walk,3,32,1,3,6,8,20,6,15,90,,0,0,0
bow,tier4,left,attack,0,41,1,1,5,11,19,11,15,165,,0,0,1
bow,tier4,left,attack,1,37,1,3,6,10,20,8,15,120,,0,0,0
bow,tier4,left,attack,2,37,1,3,5,10,19,8,15,120,,0,0,0
bow,tier4,left,attack,3,32,1,3,5,8,19,6,15,90,,0,0,0
bow,tier4,left,hurt,0,32,1,3,6,8,20,6,15,90,,0,0,0
bow,tier4,left,hurt,1,32,1,3,5,8,19,6,15,90,,0,0,0
bow,tier4,right,idle,0,32,1,15,5,20,19,6,15,90,,0,0,0
bow,tier4,right,idle,1,32,1,15,6,20,20,6,15,90,,0,0,0
bow,tier4,right,walk,0,32,1,15,6,20,20,6,15,90,,0,0,0
bow,tier4,right,walk,1,32,1,15,6,20,20,6,15,90,,0,0,0
bow,tier4,right,walk,2,32,1,15,4,20,18,6,15,90,,0,0,0
bow,tier4,right,walk,3,32,1,15,6,20,20,6,15,90,,0,0,0
bow,tier4,right,attack,0,41,1,12,5,22,19,11,15,165,,0,0,1
bow,tier4,right,attack,1,37,1,13,6,20,20,8,15,120,,0,0,0
bow,tier4,right,attack,2,37,1,13,5,20,19,8,15,120,,0,0,0
bow,tier4,right,attack,3,32,1,15,5,20,19,6,15,90,,0,0,0
bow,tier4,right,hurt,0,32,1,15,6,20,20,6,15,90,,0,0,0
bow,tier4,right,hurt,1,32,1,15,5,20,19,6,15,90,,0,0,0
bow,tier4,up,idle,0,32,1,2,5,7,19,6,15,90,,0,0,0
bow,tier4,up,idle,1,32,1,2,6,7,20,6,15,90,,0,0,0
bow,tier4,up,walk,0,32,1,2,6,7,20,6,15,90,,0,0,0
bow,tier4,up,walk,1,32,1,2,6,7,20,6,15,90,,0,0,0
bow,tier4,up,walk,2,32,1,2,4,7,18,6,15,90,,0,0,0
bow,tier4,up,walk,3,32,1,2,6,7,20,6,15,90,,0,0,0
bow,tier4,up,attack,0,32,1,2,5,10,19,9,15,135,,0,0,0
bow,tier4,up,attack,1,32,1,3,5,8,19,6,15,90,,0,0,0
bow,tier4,up,attack,2,32,1,2,5,7,19,6,15,90,,0,0,0
bow,tier4,up,attack,3,32,1,2,5,7,19,6,15,90,,0,0,0
bow,tier4,up,hurt,0,32,1,3,5,8,19,6,15,90,,0,0,0
bow,tier4,up,hurt,1,32,1,2,5,7,19,6,15,90,,0,0,0
bow,tier5,down,idle,0,40,1,17,4,23,20,7,17,119,right,0,0,0
bow,tier5,down,idle,1,40,1,17,5,23,21,7,17,119,right,0,0,0
bow,tier5,down,walk,0,40,1,17,5,23,21,7,17,119,right,0,0,0
bow,tier5,down,walk,1,40,1,17,5,23,21,7,17,119,right,0,0,0
bow,tier5,down,walk,2,40,1,17,3,23,19,7,17,119,right,0,0,0
bow,tier5,down,walk,3,40,1,17,5,23,21,7,17,119,right,0,0,0
bow,tier5,down,attack,0,40,1,14,4,23,20,10,17,170,right,0,0,0
bow,tier5,down,attack,1,40,1,16,4,22,20,7,17,119,,0,0,0
bow,tier5,down,attack,2,40,1,17,4,23,20,7,17,119,right,0,0,0
bow,tier5,down,attack,3,40,1,17,4,23,20,7,17,119,right,0,0,0
bow,tier5,down,hurt,0,40,1,16,4,22,20,7,17,119,,0,0,0
bow,tier5,down,hurt,1,40,1,17,4,23,20,7,17,119,right,0,0,0
bow,tier5,left,idle,0,40,1,2,4,8,20,7,17,119,,0,0,0
bow,tier5,left,idle,1,40,1,2,5,8,21,7,17,119,,0,0,0
bow,tier5,left,walk,0,40,1,2,3,8,19,7,17,119,,0,0,0
bow,tier5,left,walk,1,40,1,2,5,8,21,7,17,119,,0,0,0
bow,tier5,left,walk,2,40,1,2,5,8,21,7,17,119,,0,0,0
bow,tier5,left,walk,3,40,1,2,5,8,21,7,17,119,,0,0,0
bow,tier5,left,attack,0,49,1,1,4,11,20,11,17,187,,0,0,0
bow,tier5,left,attack,1,43,1,3,5,10,21,8,17,136,,0,0,0
bow,tier5,left,attack,2,43,1,3,4,10,20,8,17,136,,0,0,0
bow,tier5,left,attack,3,40,1,2,4,8,20,7,17,119,,0,0,0
bow,tier5,left,hurt,0,40,1,2,5,8,21,7,17,119,,0,0,0
bow,tier5,left,hurt,1,40,1,2,4,8,20,7,17,119,,0,0,0
bow,tier5,right,idle,0,40,1,15,4,21,20,7,17,119,,0,0,0
bow,tier5,right,idle,1,40,1,15,5,21,21,7,17,119,,0,0,0
bow,tier5,right,walk,0,40,1,15,5,21,21,7,17,119,,0,0,0
bow,tier5,right,walk,1,40,1,15,5,21,21,7,17,119,,0,0,0
bow,tier5,right,walk,2,40,1,15,3,21,19,7,17,119,,0,0,0
bow,tier5,right,walk,3,40,1,15,5,21,21,7,17,119,,0,0,0
bow,tier5,right,attack,0,49,1,12,4,22,20,11,17,187,,0,0,0
bow,tier5,right,attack,1,43,1,13,5,20,21,8,17,136,,0,0,0
bow,tier5,right,attack,2,43,1,13,4,20,20,8,17,136,,0,0,0
bow,tier5,right,attack,3,40,1,15,4,21,20,7,17,119,,0,0,0
bow,tier5,right,hurt,0,40,1,15,5,21,21,7,17,119,,0,0,0
bow,tier5,right,hurt,1,40,1,15,4,21,20,7,17,119,,0,0,0
bow,tier5,up,idle,0,40,1,1,4,7,20,7,17,119,,0,0,0
bow,tier5,up,idle,1,40,1,1,5,7,21,7,17,119,,0,0,0
bow,tier5,up,walk,0,40,1,1,5,7,21,7,17,119,,0,0,0
bow,tier5,up,walk,1,40,1,1,5,7,21,7,17,119,,0,0,0
bow,tier5,up,walk,2,40,1,1,3,7,19,7,17,119,,0,0,0
bow,tier5,up,walk,3,40,1,1,5,7,21,7,17,119,,0,0,0
bow,tier5,up,attack,0,40,1,1,4,10,20,10,17,170,,0,0,0
bow,tier5,up,attack,1,40,1,2,4,8,20,7,17,119,,0,0,0
bow,tier5,up,attack,2,40,1,1,4,7,20,7,17,119,,0,0,0
bow,tier5,up,attack,3,40,1,1,4,7,20,7,17,119,,0,0,0
bow,tier5,up,hurt,0,40,1,2,4,8,20,7,17,119,,0,0,0
bow,tier5,up,hurt,1,40,1,1,4,7,20,7,17,119,,0,0,0
staff,tier1,down,idle,0,14,1,17,5,20,16,4,12,48,,0,0,0
staff,tier1,down,idle,1,14,1,17,6,20,17,4,12,48,,0,0,0
staff,tier1,down,walk,0,14,1,17,6,20,17,4,12,48,,0,0,0
staff,tier1,down,walk,1,14,1,17,6,20,17,4,12,48,,0,0,0
staff,tier1,down,walk,2,14,1,17,4,20,15,4,12,48,,0,0,0
staff,tier1,down,walk,3,14,1,17,6,20,17,4,12,48,,0,0,0
staff,tier1,down,attack,0,15,1,17,4,20,16,4,13,52,,0,0,0
staff,tier1,down,attack,1,10,1,16,14,19,21,4,8,32,,0,0,0
staff,tier1,down,attack,2,10,1,17,14,20,21,4,8,32,,0,0,0
staff,tier1,down,attack,3,14,1,17,5,20,16,4,12,48,,0,0,0
staff,tier1,down,hurt,0,14,1,16,5,19,16,4,12,48,,0,0,0
staff,tier1,down,hurt,1,14,1,17,5,20,16,4,12,48,,0,0,0
staff,tier1,left,idle,0,15,1,2,5,6,16,5,12,60,,0,1,0
staff,tier1,left,idle,1,15,1,2,6,6,17,5,12,60,,0,1,0
staff,tier1,left,walk,0,15,1,2,4,6,15,5,12,60,,0,1,0
staff,tier1,left,walk,1,15,1,2,6,6,17,5,12,60,,0,1,0
staff,tier1,left,walk,2,15,1,2,6,6,17,5,12,60,,0,1,0
staff,tier1,left,walk,3,15,1,2,6,6,17,5,12,60,,0,1,0
staff,tier1,left,attack,0,16,1,2,4,6,16,5,13,65,,0,1,0
staff,tier1,left,attack,1,16,1,1,13,14,15,14,3,42,,0,0,0
staff,tier1,left,attack,2,16,1,1,12,14,14,14,3,42,,0,0,0
staff,tier1,left,attack,3,15,1,2,5,6,16,5,12,60,,0,1,0
staff,tier1,left,hurt,0,15,1,2,6,6,17,5,12,60,,0,1,0
staff,tier1,left,hurt,1,15,1,2,5,6,16,5,12,60,,0,1,0
staff,tier1,right,idle,0,15,1,17,5,21,16,5,12,60,,0,1,0
staff,tier1,right,idle,1,15,1,17,6,21,17,5,12,60,,0,1,0
staff,tier1,right,walk,0,15,1,17,6,21,17,5,12,60,,0,1,0
staff,tier1,right,walk,1,15,1,17,6,21,17,5,12,60,,0,1,0
staff,tier1,right,walk,2,15,1,17,4,21,15,5,12,60,,0,1,0
staff,tier1,right,walk,3,15,1,17,6,21,17,5,12,60,,0,1,0
staff,tier1,right,attack,0,16,1,17,4,21,16,5,13,65,,0,1,0
staff,tier1,right,attack,1,16,1,9,13,22,15,14,3,42,,0,0,0
staff,tier1,right,attack,2,16,1,9,12,22,14,14,3,42,,0,0,0
staff,tier1,right,attack,3,15,1,17,5,21,16,5,12,60,,0,1,0
staff,tier1,right,hurt,0,15,1,17,6,21,17,5,12,60,,0,1,0
staff,tier1,right,hurt,1,15,1,17,5,21,16,5,12,60,,0,1,0
staff,tier1,up,idle,0,14,1,3,5,6,16,4,12,48,,0,0,0
staff,tier1,up,idle,1,14,1,3,6,6,17,4,12,48,,0,0,0
staff,tier1,up,walk,0,14,1,3,6,6,17,4,12,48,,0,0,0
staff,tier1,up,walk,1,14,1,3,6,6,17,4,12,48,,0,0,0
staff,tier1,up,walk,2,14,1,3,4,6,15,4,12,48,,0,0,0
staff,tier1,up,walk,3,14,1,3,6,6,17,4,12,48,,0,0,0
staff,tier1,up,attack,0,15,1,3,4,6,16,4,13,52,,0,0,0
staff,tier1,up,attack,1,13,1,4,1,7,10,4,10,40,,0,1,0
staff,tier1,up,attack,2,13,1,3,1,6,10,4,10,40,,0,2,0
staff,tier1,up,attack,3,14,1,3,5,6,16,4,12,48,,0,0,0
staff,tier1,up,hurt,0,14,1,4,5,7,16,4,12,48,,0,0,0
staff,tier1,up,hurt,1,14,1,3,5,6,16,4,12,48,,0,0,0
staff,tier2,down,idle,0,20,1,17,4,20,16,4,13,52,,0,0,0
staff,tier2,down,idle,1,20,1,17,5,20,17,4,13,52,,0,0,0
staff,tier2,down,walk,0,20,1,17,5,20,17,4,13,52,,0,0,0
staff,tier2,down,walk,1,20,1,17,5,20,17,4,13,52,,0,0,0
staff,tier2,down,walk,2,20,1,17,3,20,15,4,13,52,,0,0,0
staff,tier2,down,walk,3,20,1,17,5,20,17,4,13,52,,0,0,0
staff,tier2,down,attack,0,21,1,17,3,20,16,4,14,56,,0,0,0
staff,tier2,down,attack,1,15,1,16,14,19,22,4,9,36,,0,0,0
staff,tier2,down,attack,2,15,1,17,14,20,22,4,9,36,,0,0,0
staff,tier2,down,attack,3,20,1,17,4,20,16,4,13,52,,0,0,0
staff,tier2,down,hurt,0,20,1,16,4,19,16,4,13,52,,0,0,0
staff,tier2,down,hurt,1,20,1,17,4,20,16,4,13,52,,0,0,0
staff,tier2,left,idle,0,21,1,2,4,6,16,5,13,65,,0,1,0
staff,tier2,left,idle,1,21,1,2,5,6,17,5,13,65,,0,1,0
staff,tier2,left,walk,0,21,1,2,3,6,15,5,13,65,,0,1,0
staff,tier2,left,walk,1,21,1,2,5,6,17,5,13,65,,0,1,0
staff,tier2,left,walk,2,21,1,2,5,6,17,5,13,65,,0,1,0
staff,tier2,left,walk,3,21,1,2,5,6,17,5,13,65,,0,1,0
staff,tier2,left,attack,0,22,1,2,3,6,16,5,14,70,,0,1,0
staff,tier2,left,attack,1,21,1,0,13,14,15,15,3,45,left,0,0,0
staff,tier2,left,attack,2,21,1,0,12,14,14,15,3,45,left,0,0,0
staff,tier2,left,attack,3,21,1,2,4,6,16,5,13,65,,0,1,0
staff,tier2,left,hurt,0,21,1,2,5,6,17,5,13,65,,0,1,0
staff,tier2,left,hurt,1,21,1,2,4,6,16,5,13,65,,0,1,0
staff,tier2,right,idle,0,21,1,17,4,21,16,5,13,65,,0,1,0
staff,tier2,right,idle,1,21,1,17,5,21,17,5,13,65,,0,1,0
staff,tier2,right,walk,0,21,1,17,5,21,17,5,13,65,,0,1,0
staff,tier2,right,walk,1,21,1,17,5,21,17,5,13,65,,0,1,0
staff,tier2,right,walk,2,21,1,17,3,21,15,5,13,65,,0,1,0
staff,tier2,right,walk,3,21,1,17,5,21,17,5,13,65,,0,1,0
staff,tier2,right,attack,0,22,1,17,3,21,16,5,14,70,,0,1,0
staff,tier2,right,attack,1,21,1,9,13,23,15,15,3,45,right,0,0,0
staff,tier2,right,attack,2,21,1,9,12,23,14,15,3,45,right,0,0,0
staff,tier2,right,attack,3,21,1,17,4,21,16,5,13,65,,0,1,0
staff,tier2,right,hurt,0,21,1,17,5,21,17,5,13,65,,0,1,0
staff,tier2,right,hurt,1,21,1,17,4,21,16,5,13,65,,0,1,0
staff,tier2,up,idle,0,20,1,3,4,6,16,4,13,52,,0,0,0
staff,tier2,up,idle,1,20,1,3,5,6,17,4,13,52,,0,0,0
staff,tier2,up,walk,0,20,1,3,5,6,17,4,13,52,,0,0,0
staff,tier2,up,walk,1,20,1,3,5,6,17,4,13,52,,0,0,0
staff,tier2,up,walk,2,20,1,3,3,6,15,4,13,52,,0,0,0
staff,tier2,up,walk,3,20,1,3,5,6,17,4,13,52,,0,0,0
staff,tier2,up,attack,0,21,1,3,3,6,16,4,14,56,,0,0,0
staff,tier2,up,attack,1,18,1,4,1,7,10,4,10,40,,0,1,0
staff,tier2,up,attack,2,18,1,3,1,6,10,4,10,40,,0,2,0
staff,tier2,up,attack,3,20,1,3,4,6,16,4,13,52,,0,0,0
staff,tier2,up,hurt,0,20,1,4,4,7,16,4,13,52,,0,0,0
staff,tier2,up,hurt,1,20,1,3,4,6,16,4,13,52,,0,0,0
staff,tier3,down,idle,0,22,1,17,4,21,16,5,13,65,,0,0,0
staff,tier3,down,idle,1,22,1,17,5,21,17,5,13,65,,0,0,0
staff,tier3,down,walk,0,22,1,17,5,21,17,5,13,65,,0,0,0
staff,tier3,down,walk,1,22,1,17,5,21,17,5,13,65,,0,0,0
staff,tier3,down,walk,2,22,1,17,3,21,15,5,13,65,,0,0,0
staff,tier3,down,walk,3,22,1,17,5,21,17,5,13,65,,0,0,0
staff,tier3,down,attack,0,23,1,17,3,21,16,5,14,70,,0,0,0
staff,tier3,down,attack,1,17,1,16,14,20,22,5,9,45,,0,0,0
staff,tier3,down,attack,2,17,1,17,14,21,22,5,9,45,,0,0,0
staff,tier3,down,attack,3,22,1,17,4,21,16,5,13,65,,0,0,0
staff,tier3,down,hurt,0,22,1,16,4,20,16,5,13,65,,0,0,0
staff,tier3,down,hurt,1,22,1,17,4,21,16,5,13,65,,0,0,0
staff,tier3,left,idle,0,23,1,1,4,6,16,6,13,78,,0,1,0
staff,tier3,left,idle,1,23,1,1,5,6,17,6,13,78,,0,1,0
staff,tier3,left,walk,0,23,1,1,3,6,15,6,13,78,,0,1,0
staff,tier3,left,walk,1,23,1,1,5,6,17,6,13,78,,0,1,0
staff,tier3,left,walk,2,23,1,1,5,6,17,6,13,78,,0,1,0
staff,tier3,left,walk,3,23,1,1,5,6,17,6,13,78,,0,1,0
staff,tier3,left,attack,0,24,1,1,3,6,16,6,14,84,,0,1,0
staff,tier3,left,attack,1,23,1,0,12,14,16,15,5,75,left,0,0,0
staff,tier3,left,attack,2,23,1,0,11,14,15,15,5,75,left,0,0,0
staff,tier3,left,attack,3,23,1,1,4,6,16,6,13,78,,0,1,0
staff,tier3,left,hurt,0,23,1,1,5,6,17,6,13,78,,0,1,0
staff,tier3,left,hurt,1,23,1,1,4,6,16,6,13,78,,0,1,0
staff,tier3,right,idle,0,23,1,17,4,22,16,6,13,78,,0,1,0
staff,tier3,right,idle,1,23,1,17,5,22,17,6,13,78,,0,1,0
staff,tier3,right,walk,0,23,1,17,5,22,17,6,13,78,,0,1,0
staff,tier3,right,walk,1,23,1,17,5,22,17,6,13,78,,0,1,0
staff,tier3,right,walk,2,23,1,17,3,22,15,6,13,78,,0,1,0
staff,tier3,right,walk,3,23,1,17,5,22,17,6,13,78,,0,1,0
staff,tier3,right,attack,0,24,1,17,3,22,16,6,14,84,,0,1,0
staff,tier3,right,attack,1,23,1,9,12,23,16,15,5,75,right,0,0,0
staff,tier3,right,attack,2,23,1,9,11,23,15,15,5,75,right,0,0,0
staff,tier3,right,attack,3,23,1,17,4,22,16,6,13,78,,0,1,0
staff,tier3,right,hurt,0,23,1,17,5,22,17,6,13,78,,0,1,0
staff,tier3,right,hurt,1,23,1,17,4,22,16,6,13,78,,0,1,0
staff,tier3,up,idle,0,22,1,2,4,6,16,5,13,65,,0,0,0
staff,tier3,up,idle,1,22,1,2,5,6,17,5,13,65,,0,0,0
staff,tier3,up,walk,0,22,1,2,5,6,17,5,13,65,,0,0,0
staff,tier3,up,walk,1,22,1,2,5,6,17,5,13,65,,0,0,0
staff,tier3,up,walk,2,22,1,2,3,6,15,5,13,65,,0,0,0
staff,tier3,up,walk,3,22,1,2,5,6,17,5,13,65,,0,0,0
staff,tier3,up,attack,0,23,1,2,3,6,16,5,14,70,,0,0,0
staff,tier3,up,attack,1,20,1,3,1,7,10,5,10,50,,0,1,0
staff,tier3,up,attack,2,20,1,2,1,6,10,5,10,50,,0,2,0
staff,tier3,up,attack,3,22,1,2,4,6,16,5,13,65,,0,0,0
staff,tier3,up,hurt,0,22,1,3,4,7,16,5,13,65,,0,0,0
staff,tier3,up,hurt,1,22,1,2,4,6,16,5,13,65,,0,0,0
staff,tier4,down,idle,0,28,1,17,2,22,16,6,15,90,,0,0,0
staff,tier4,down,idle,1,28,1,17,3,22,17,6,15,90,,0,0,0
staff,tier4,down,walk,0,28,1,17,3,22,17,6,15,90,,0,0,0
staff,tier4,down,walk,1,28,1,17,3,22,17,6,15,90,,0,0,0
staff,tier4,down,walk,2,28,1,17,1,22,15,6,15,90,,0,0,0
staff,tier4,down,walk,3,28,1,17,3,22,17,6,15,90,,0,0,0
staff,tier4,down,attack,0,29,1,17,1,22,16,6,16,96,,0,0,0
staff,tier4,down,attack,1,21,1,16,14,21,22,6,9,54,,0,0,0
staff,tier4,down,attack,2,21,1,17,14,22,22,6,9,54,,0,0,0
staff,tier4,down,attack,3,28,1,17,2,22,16,6,15,90,,0,0,0
staff,tier4,down,hurt,0,28,1,16,2,21,16,6,15,90,,0,0,0
staff,tier4,down,hurt,1,28,1,17,2,22,16,6,15,90,,0,0,0
staff,tier4,left,idle,0,29,1,0,2,6,16,7,15,105,left,0,1,0
staff,tier4,left,idle,1,29,1,0,3,6,17,7,15,105,left,0,1,0
staff,tier4,left,walk,0,29,1,0,1,6,15,7,15,105,left,0,1,0
staff,tier4,left,walk,1,29,1,0,3,6,17,7,15,105,left,0,1,0
staff,tier4,left,walk,2,29,1,0,3,6,17,7,15,105,left,0,1,0
staff,tier4,left,walk,3,29,1,0,3,6,17,7,15,105,left,0,1,0
staff,tier4,left,attack,0,30,1,0,1,6,16,7,16,112,left,0,1,0
staff,tier4,left,attack,1,26,1,0,12,14,17,15,6,90,left,0,0,0
staff,tier4,left,attack,2,26,1,0,11,14,16,15,6,90,left,0,0,0
staff,tier4,left,attack,3,29,1,0,2,6,16,7,15,105,left,0,1,0
staff,tier4,left,hurt,0,29,1,0,3,6,17,7,15,105,left,0,1,0
staff,tier4,left,hurt,1,29,1,0,2,6,16,7,15,105,left,0,1,0
staff,tier4,right,idle,0,29,1,17,2,23,16,7,15,105,right,0,1,0
staff,tier4,right,idle,1,29,1,17,3,23,17,7,15,105,right,0,1,0
staff,tier4,right,walk,0,29,1,17,3,23,17,7,15,105,right,0,1,0
staff,tier4,right,walk,1,29,1,17,3,23,17,7,15,105,right,0,1,0
staff,tier4,right,walk,2,29,1,17,1,23,15,7,15,105,right,0,1,0
staff,tier4,right,walk,3,29,1,17,3,23,17,7,15,105,right,0,1,0
staff,tier4,right,attack,0,30,1,17,1,23,16,7,16,112,right,0,1,0
staff,tier4,right,attack,1,26,1,9,12,23,17,15,6,90,right,0,0,0
staff,tier4,right,attack,2,26,1,9,11,23,16,15,6,90,right,0,0,0
staff,tier4,right,attack,3,29,1,17,2,23,16,7,15,105,right,0,1,0
staff,tier4,right,hurt,0,29,1,17,3,23,17,7,15,105,right,0,1,0
staff,tier4,right,hurt,1,29,1,17,2,23,16,7,15,105,right,0,1,0
staff,tier4,up,idle,0,28,1,1,2,6,16,6,15,90,,0,0,0
staff,tier4,up,idle,1,28,1,1,3,6,17,6,15,90,,0,0,0
staff,tier4,up,walk,0,28,1,1,3,6,17,6,15,90,,0,0,0
staff,tier4,up,walk,1,28,1,1,3,6,17,6,15,90,,0,0,0
staff,tier4,up,walk,2,28,1,1,1,6,15,6,15,90,,0,0,0
staff,tier4,up,walk,3,28,1,1,3,6,17,6,15,90,,0,0,0
staff,tier4,up,attack,0,29,1,1,1,6,16,6,16,96,,0,0,0
staff,tier4,up,attack,1,23,1,2,1,7,10,6,10,60,,0,1,0
staff,tier4,up,attack,2,23,1,1,1,6,10,6,10,60,,0,2,0
staff,tier4,up,attack,3,28,1,1,2,6,16,6,15,90,,0,0,0
staff,tier4,up,hurt,0,28,1,2,2,7,16,6,15,90,,0,0,0
staff,tier4,up,hurt,1,28,1,1,2,6,16,6,15,90,,0,0,0
staff,tier5,down,idle,0,37,1,17,1,22,16,6,16,96,,0,0,0
staff,tier5,down,idle,1,37,1,17,2,22,17,6,16,96,,0,0,0
staff,tier5,down,walk,0,37,1,17,2,22,17,6,16,96,,0,0,0
staff,tier5,down,walk,1,37,1,17,2,22,17,6,16,96,,0,0,0
staff,tier5,down,walk,2,37,1,17,0,22,15,6,16,96,top,0,0,0
staff,tier5,down,walk,3,37,1,17,2,22,17,6,16,96,,0,0,0
staff,tier5,down,attack,0,38,1,17,0,22,16,6,17,102,top,0,0,0
staff,tier5,down,attack,1,29,1,16,14,21,22,6,9,54,,0,0,0
staff,tier5,down,attack,2,29,1,17,14,22,22,6,9,54,,0,0,0
staff,tier5,down,attack,3,37,1,17,1,22,16,6,16,96,,0,0,0
staff,tier5,down,hurt,0,37,1,16,1,21,16,6,16,96,,0,0,0
staff,tier5,down,hurt,1,37,1,17,1,22,16,6,16,96,,0,0,0
staff,tier5,left,idle,0,38,1,0,1,6,16,7,16,112,left,0,1,0
staff,tier5,left,idle,1,38,1,0,2,6,17,7,16,112,left,0,1,0
staff,tier5,left,walk,0,38,1,0,0,6,15,7,16,112,left|top,0,1,0
staff,tier5,left,walk,1,38,1,0,2,6,17,7,16,112,left,0,1,0
staff,tier5,left,walk,2,38,1,0,2,6,17,7,16,112,left,0,1,0
staff,tier5,left,walk,3,38,1,0,2,6,17,7,16,112,left,0,1,0
staff,tier5,left,attack,0,39,1,0,0,6,16,7,17,119,left|top,0,1,0
staff,tier5,left,attack,1,34,1,0,12,14,17,15,6,90,left,0,0,0
staff,tier5,left,attack,2,34,1,0,11,14,16,15,6,90,left,0,0,0
staff,tier5,left,attack,3,38,1,0,1,6,16,7,16,112,left,0,1,0
staff,tier5,left,hurt,0,38,1,0,2,6,17,7,16,112,left,0,1,0
staff,tier5,left,hurt,1,38,1,0,1,6,16,7,16,112,left,0,1,0
staff,tier5,right,idle,0,38,1,17,1,23,16,7,16,112,right,0,1,0
staff,tier5,right,idle,1,38,1,17,2,23,17,7,16,112,right,0,1,0
staff,tier5,right,walk,0,38,1,17,2,23,17,7,16,112,right,0,1,0
staff,tier5,right,walk,1,38,1,17,2,23,17,7,16,112,right,0,1,0
staff,tier5,right,walk,2,38,1,17,0,23,15,7,16,112,top|right,0,1,0
staff,tier5,right,walk,3,38,1,17,2,23,17,7,16,112,right,0,1,0
staff,tier5,right,attack,0,39,1,17,0,23,16,7,17,119,top|right,0,1,0
staff,tier5,right,attack,1,34,1,9,12,23,17,15,6,90,right,0,0,0
staff,tier5,right,attack,2,34,1,9,11,23,16,15,6,90,right,0,0,0
staff,tier5,right,attack,3,38,1,17,1,23,16,7,16,112,right,0,1,0
staff,tier5,right,hurt,0,38,1,17,2,23,17,7,16,112,right,0,1,0
staff,tier5,right,hurt,1,38,1,17,1,23,16,7,16,112,right,0,1,0
staff,tier5,up,idle,0,37,1,1,1,6,16,6,16,96,,0,0,0
staff,tier5,up,idle,1,37,1,1,2,6,17,6,16,96,,0,0,0
staff,tier5,up,walk,0,37,1,1,2,6,17,6,16,96,,0,0,0
staff,tier5,up,walk,1,37,1,1,2,6,17,6,16,96,,0,0,0
staff,tier5,up,walk,2,37,1,1,0,6,15,6,16,96,top,0,0,0
staff,tier5,up,walk,3,37,1,1,2,6,17,6,16,96,,0,0,0
staff,tier5,up,attack,0,38,1,1,0,6,16,6,17,102,top,0,0,0
staff,tier5,up,attack,1,31,1,2,1,7,10,6,10,60,,0,1,0
staff,tier5,up,attack,2,31,1,1,1,6,10,6,10,60,,0,2,0
staff,tier5,up,attack,3,37,1,1,1,6,16,6,16,96,,0,0,0
staff,tier5,up,hurt,0,37,1,2,1,7,16,6,16,96,,0,0,0
staff,tier5,up,hurt,1,37,1,1,1,6,16,6,16,96,,0,0,0
wand,tier1,down,idle,0,9,1,17,9,19,15,3,7,21,,0,0,0
wand,tier1,down,idle,1,9,1,17,10,19,16,3,7,21,,0,0,0
wand,tier1,down,walk,0,9,1,17,10,19,16,3,7,21,,0,0,0
wand,tier1,down,walk,1,9,1,17,10,19,16,3,7,21,,0,0,0
wand,tier1,down,walk,2,9,1,17,8,19,14,3,7,21,,0,0,0
wand,tier1,down,walk,3,9,1,17,10,19,16,3,7,21,,0,0,0
wand,tier1,down,attack,0,10,1,17,8,19,15,3,8,24,,0,0,0
wand,tier1,down,attack,1,8,1,16,14,18,19,3,6,18,,0,0,0
wand,tier1,down,attack,2,8,1,17,14,19,19,3,6,18,,0,0,0
wand,tier1,down,attack,3,9,1,17,9,19,15,3,7,21,,0,0,0
wand,tier1,down,hurt,0,9,1,16,9,18,15,3,7,21,,0,0,0
wand,tier1,down,hurt,1,9,1,17,9,19,15,3,7,21,,0,0,0
wand,tier1,left,idle,0,11,1,2,9,6,15,5,7,35,,0,1,0
wand,tier1,left,idle,1,11,1,2,10,6,16,5,7,35,,0,1,0
wand,tier1,left,walk,0,11,1,2,8,6,14,5,7,35,,0,1,0
wand,tier1,left,walk,1,11,1,2,10,6,16,5,7,35,,0,1,0
wand,tier1,left,walk,2,11,1,2,10,6,16,5,7,35,,0,2,0
wand,tier1,left,walk,3,11,1,2,10,6,16,5,7,35,,0,1,0
wand,tier1,left,attack,0,12,1,2,8,6,15,5,8,40,,0,1,0
wand,tier1,left,attack,1,10,1,2,13,9,15,8,3,24,,0,0,0
wand,tier1,left,attack,2,10,1,2,12,9,14,8,3,24,,0,0,0
wand,tier1,left,attack,3,11,1,2,9,6,15,5,7,35,,0,1,0
wand,tier1,left,hurt,0,11,1,2,10,6,16,5,7,35,,0,2,0
wand,tier1,left,hurt,1,11,1,2,9,6,15,5,7,35,,0,1,0
wand,tier1,right,idle,0,11,1,17,9,21,15,5,7,35,,0,1,0
wand,tier1,right,idle,1,11,1,17,10,21,16,5,7,35,,0,1,0
wand,tier1,right,walk,0,11,1,17,10,21,16,5,7,35,,0,2,0
wand,tier1,right,walk,1,11,1,17,10,21,16,5,7,35,,0,1,0
wand,tier1,right,walk,2,11,1,17,8,21,14,5,7,35,,0,1,0
wand,tier1,right,walk,3,11,1,17,10,21,16,5,7,35,,0,1,0
wand,tier1,right,attack,0,12,1,17,8,21,15,5,8,40,,0,1,0
wand,tier1,right,attack,1,10,1,14,13,21,15,8,3,24,,0,0,0
wand,tier1,right,attack,2,10,1,14,12,21,14,8,3,24,,0,0,0
wand,tier1,right,attack,3,11,1,17,9,21,15,5,7,35,,0,1,0
wand,tier1,right,hurt,0,11,1,17,10,21,16,5,7,35,,0,2,0
wand,tier1,right,hurt,1,11,1,17,9,21,15,5,7,35,,0,1,0
wand,tier1,up,idle,0,9,1,4,9,6,15,3,7,21,,0,0,0
wand,tier1,up,idle,1,9,1,4,10,6,16,3,7,21,,0,0,0
wand,tier1,up,walk,0,9,1,4,10,6,16,3,7,21,,0,0,0
wand,tier1,up,walk,1,9,1,4,10,6,16,3,7,21,,0,0,0
wand,tier1,up,walk,2,9,1,4,8,6,14,3,7,21,,0,0,0
wand,tier1,up,walk,3,9,1,4,10,6,16,3,7,21,,0,0,0
wand,tier1,up,attack,0,10,1,4,8,6,15,3,8,24,,0,0,0
wand,tier1,up,attack,1,12,1,5,2,7,10,3,9,27,,0,1,0
wand,tier1,up,attack,2,12,1,4,2,6,10,3,9,27,,0,2,0
wand,tier1,up,attack,3,9,1,4,9,6,15,3,7,21,,0,0,0
wand,tier1,up,hurt,0,9,1,5,9,7,15,3,7,21,,0,0,0
wand,tier1,up,hurt,1,9,1,4,9,6,15,3,7,21,,0,0,0
wand,tier2,down,idle,0,13,1,17,8,19,15,3,8,24,,0,0,0
wand,tier2,down,idle,1,13,1,17,9,19,16,3,8,24,,0,0,0
wand,tier2,down,walk,0,13,1,17,9,19,16,3,8,24,,0,0,0
wand,tier2,down,walk,1,13,1,17,9,19,16,3,8,24,,0,0,0
wand,tier2,down,walk,2,13,1,17,7,19,14,3,8,24,,0,0,0
wand,tier2,down,walk,3,13,1,17,9,19,16,3,8,24,,0,0,0
wand,tier2,down,attack,0,14,1,17,7,19,15,3,9,27,,0,0,0
wand,tier2,down,attack,1,12,1,16,14,18,20,3,7,21,,0,0,0
wand,tier2,down,attack,2,12,1,17,14,19,20,3,7,21,,0,0,0
wand,tier2,down,attack,3,13,1,17,8,19,15,3,8,24,,0,0,0
wand,tier2,down,hurt,0,13,1,16,8,18,15,3,8,24,,0,0,0
wand,tier2,down,hurt,1,13,1,17,8,19,15,3,8,24,,0,0,0
wand,tier2,left,idle,0,14,1,2,8,6,15,5,8,40,,0,1,0
wand,tier2,left,idle,1,14,1,2,9,6,16,5,8,40,,0,1,0
wand,tier2,left,walk,0,14,1,2,7,6,14,5,8,40,,0,1,0
wand,tier2,left,walk,1,14,1,2,9,6,16,5,8,40,,0,1,0
wand,tier2,left,walk,2,14,1,2,9,6,16,5,8,40,,0,2,0
wand,tier2,left,walk,3,14,1,2,9,6,16,5,8,40,,0,1,0
wand,tier2,left,attack,0,15,1,2,7,6,15,5,9,45,,0,1,0
wand,tier2,left,attack,1,13,1,1,13,9,15,9,3,27,,0,0,0
wand,tier2,left,attack,2,13,1,1,12,9,14,9,3,27,,0,0,0
wand,tier2,left,attack,3,14,1,2,8,6,15,5,8,40,,0,1,0
wand,tier2,left,hurt,0,14,1,2,9,6,16,5,8,40,,0,2,0
wand,tier2,left,hurt,1,14,1,2,8,6,15,5,8,40,,0,1,0
wand,tier2,right,idle,0,14,1,17,8,21,15,5,8,40,,0,1,0
wand,tier2,right,idle,1,14,1,17,9,21,16,5,8,40,,0,1,0
wand,tier2,right,walk,0,14,1,17,9,21,16,5,8,40,,0,2,0
wand,tier2,right,walk,1,14,1,17,9,21,16,5,8,40,,0,1,0
wand,tier2,right,walk,2,14,1,17,7,21,14,5,8,40,,0,1,0
wand,tier2,right,walk,3,14,1,17,9,21,16,5,8,40,,0,1,0
wand,tier2,right,attack,0,15,1,17,7,21,15,5,9,45,,0,1,0
wand,tier2,right,attack,1,13,1,14,13,22,15,9,3,27,,0,0,0
wand,tier2,right,attack,2,13,1,14,12,22,14,9,3,27,,0,0,0
wand,tier2,right,attack,3,14,1,17,8,21,15,5,8,40,,0,1,0
wand,tier2,right,hurt,0,14,1,17,9,21,16,5,8,40,,0,2,0
wand,tier2,right,hurt,1,14,1,17,8,21,15,5,8,40,,0,1,0
wand,tier2,up,idle,0,13,1,4,8,6,15,3,8,24,,0,0,0
wand,tier2,up,idle,1,13,1,4,9,6,16,3,8,24,,0,0,0
wand,tier2,up,walk,0,13,1,4,9,6,16,3,8,24,,0,0,0
wand,tier2,up,walk,1,13,1,4,9,6,16,3,8,24,,0,0,0
wand,tier2,up,walk,2,13,1,4,7,6,14,3,8,24,,0,0,0
wand,tier2,up,walk,3,13,1,4,9,6,16,3,8,24,,0,0,0
wand,tier2,up,attack,0,14,1,4,7,6,15,3,9,27,,0,0,0
wand,tier2,up,attack,1,14,1,5,2,7,10,3,9,27,,0,1,0
wand,tier2,up,attack,2,14,1,4,2,6,10,3,9,27,,0,2,0
wand,tier2,up,attack,3,13,1,4,8,6,15,3,8,24,,0,0,0
wand,tier2,up,hurt,0,13,1,5,8,7,15,3,8,24,,0,0,0
wand,tier2,up,hurt,1,13,1,4,8,6,15,3,8,24,,0,0,0
wand,tier3,down,idle,0,16,1,16,7,20,15,5,9,45,,0,0,0
wand,tier3,down,idle,1,16,1,16,8,20,16,5,9,45,,0,0,0
wand,tier3,down,walk,0,16,1,16,8,20,16,5,9,45,,0,0,0
wand,tier3,down,walk,1,16,1,16,8,20,16,5,9,45,,0,0,0
wand,tier3,down,walk,2,16,1,16,6,20,14,5,9,45,,0,0,0
wand,tier3,down,walk,3,16,1,16,8,20,16,5,9,45,,0,0,0
wand,tier3,down,attack,0,17,1,16,6,20,15,5,10,50,,0,0,0
wand,tier3,down,attack,1,14,1,15,14,19,20,5,7,35,,0,0,0
wand,tier3,down,attack,2,14,1,16,14,20,20,5,7,35,,0,0,0
wand,tier3,down,attack,3,16,1,16,7,20,15,5,9,45,,0,0,0
wand,tier3,down,hurt,0,16,1,15,7,19,15,5,9,45,,0,0,0
wand,tier3,down,hurt,1,16,1,16,7,20,15,5,9,45,,0,0,0
wand,tier3,left,idle,0,18,1,1,7,6,15,6,9,54,,0,1,0
wand,tier3,left,idle,1,18,1,1,8,6,16,6,9,54,,0,1,0
wand,tier3,left,walk,0,18,1,1,6,6,14,6,9,54,,0,1,0
wand,tier3,left,walk,1,18,1,1,8,6,16,6,9,54,,0,1,0
wand,tier3,left,walk,2,18,1,1,8,6,16,6,9,54,,0,1,0
wand,tier3,left,walk,3,18,1,1,8,6,16,6,9,54,,0,1,0
wand,tier3,left,attack,0,19,1,1,6,6,15,6,10,60,,0,1,0
wand,tier3,left,attack,1,15,1,1,12,9,16,9,5,45,,0,0,0
wand,tier3,left,attack,2,15,1,1,11,9,15,9,5,45,,0,0,0
wand,tier3,left,attack,3,18,1,1,7,6,15,6,9,54,,0,1,0
wand,tier3,left,hurt,0,18,1,1,8,6,16,6,9,54,,0,1,0
wand,tier3,left,hurt,1,18,1,1,7,6,15,6,9,54,,0,1,0
wand,tier3,right,idle,0,18,1,17,7,22,15,6,9,54,,0,1,0
wand,tier3,right,idle,1,18,1,17,8,22,16,6,9,54,,0,1,0
wand,tier3,right,walk,0,18,1,17,8,22,16,6,9,54,,0,1,0
wand,tier3,right,walk,1,18,1,17,8,22,16,6,9,54,,0,1,0
wand,tier3,right,walk,2,18,1,17,6,22,14,6,9,54,,0,1,0
wand,tier3,right,walk,3,18,1,17,8,22,16,6,9,54,,0,1,0
wand,tier3,right,attack,0,19,1,17,6,22,15,6,10,60,,0,1,0
wand,tier3,right,attack,1,15,1,14,12,22,16,9,5,45,,0,0,0
wand,tier3,right,attack,2,15,1,14,11,22,15,9,5,45,,0,0,0
wand,tier3,right,attack,3,18,1,17,7,22,15,6,9,54,,0,1,0
wand,tier3,right,hurt,0,18,1,17,8,22,16,6,9,54,,0,1,0
wand,tier3,right,hurt,1,18,1,17,7,22,15,6,9,54,,0,1,0
wand,tier3,up,idle,0,16,1,3,7,7,15,5,9,45,,0,0,0
wand,tier3,up,idle,1,16,1,3,8,7,16,5,9,45,,0,0,0
wand,tier3,up,walk,0,16,1,3,8,7,16,5,9,45,,0,0,0
wand,tier3,up,walk,1,16,1,3,8,7,16,5,9,45,,0,0,0
wand,tier3,up,walk,2,16,1,3,6,7,14,5,9,45,,0,0,0
wand,tier3,up,walk,3,16,1,3,8,7,16,5,9,45,,0,0,0
wand,tier3,up,attack,0,17,1,3,6,7,15,5,10,50,,0,0,0
wand,tier3,up,attack,1,16,1,4,2,8,10,5,9,45,,0,1,0
wand,tier3,up,attack,2,16,1,3,2,7,10,5,9,45,,0,1,0
wand,tier3,up,attack,3,16,1,3,7,7,15,5,9,45,,0,0,0
wand,tier3,up,hurt,0,16,1,4,7,8,15,5,9,45,,0,0,0
wand,tier3,up,hurt,1,16,1,3,7,7,15,5,9,45,,0,0,0
wand,tier4,down,idle,0,19,1,16,6,20,15,5,10,50,,0,0,0
wand,tier4,down,idle,1,19,1,16,7,20,16,5,10,50,,0,0,0
wand,tier4,down,walk,0,19,1,16,7,20,16,5,10,50,,0,0,0
wand,tier4,down,walk,1,19,1,16,7,20,16,5,10,50,,0,0,0
wand,tier4,down,walk,2,19,1,16,5,20,14,5,10,50,,0,0,0
wand,tier4,down,walk,3,19,1,16,7,20,16,5,10,50,,0,0,0
wand,tier4,down,attack,0,20,1,16,5,20,15,5,11,55,,0,0,0
wand,tier4,down,attack,1,16,1,15,14,19,20,5,7,35,,0,0,0
wand,tier4,down,attack,2,16,1,16,14,20,20,5,7,35,,0,0,0
wand,tier4,down,attack,3,19,1,16,6,20,15,5,10,50,,0,0,0
wand,tier4,down,hurt,0,19,1,15,6,19,15,5,10,50,,0,0,0
wand,tier4,down,hurt,1,19,1,16,6,20,15,5,10,50,,0,0,0
wand,tier4,left,idle,0,20,1,1,6,6,15,6,10,60,,0,1,0
wand,tier4,left,idle,1,20,1,1,7,6,16,6,10,60,,0,1,0
wand,tier4,left,walk,0,20,1,1,5,6,14,6,10,60,,0,1,0
wand,tier4,left,walk,1,20,1,1,7,6,16,6,10,60,,0,1,0
wand,tier4,left,walk,2,20,1,1,7,6,16,6,10,60,,0,1,0
wand,tier4,left,walk,3,20,1,1,7,6,16,6,10,60,,0,1,0
wand,tier4,left,attack,0,21,1,1,5,6,15,6,11,66,,0,1,0
wand,tier4,left,attack,1,18,1,0,12,9,16,10,5,50,left,0,0,0
wand,tier4,left,attack,2,18,1,0,11,9,15,10,5,50,left,0,0,0
wand,tier4,left,attack,3,20,1,1,6,6,15,6,10,60,,0,1,0
wand,tier4,left,hurt,0,20,1,1,7,6,16,6,10,60,,0,1,0
wand,tier4,left,hurt,1,20,1,1,6,6,15,6,10,60,,0,1,0
wand,tier4,right,idle,0,20,1,17,6,22,15,6,10,60,,0,1,0
wand,tier4,right,idle,1,20,1,17,7,22,16,6,10,60,,0,1,0
wand,tier4,right,walk,0,20,1,17,7,22,16,6,10,60,,0,1,0
wand,tier4,right,walk,1,20,1,17,7,22,16,6,10,60,,0,1,0
wand,tier4,right,walk,2,20,1,17,5,22,14,6,10,60,,0,1,0
wand,tier4,right,walk,3,20,1,17,7,22,16,6,10,60,,0,1,0
wand,tier4,right,attack,0,21,1,17,5,22,15,6,11,66,,0,1,0
wand,tier4,right,attack,1,18,1,14,12,23,16,10,5,50,right,0,0,0
wand,tier4,right,attack,2,18,1,14,11,23,15,10,5,50,right,0,0,0
wand,tier4,right,attack,3,20,1,17,6,22,15,6,10,60,,0,1,0
wand,tier4,right,hurt,0,20,1,17,7,22,16,6,10,60,,0,1,0
wand,tier4,right,hurt,1,20,1,17,6,22,15,6,10,60,,0,1,0
wand,tier4,up,idle,0,19,1,3,6,7,15,5,10,50,,0,0,0
wand,tier4,up,idle,1,19,1,3,7,7,16,5,10,50,,0,0,0
wand,tier4,up,walk,0,19,1,3,7,7,16,5,10,50,,0,0,0
wand,tier4,up,walk,1,19,1,3,7,7,16,5,10,50,,0,0,0
wand,tier4,up,walk,2,19,1,3,5,7,14,5,10,50,,0,0,0
wand,tier4,up,walk,3,19,1,3,7,7,16,5,10,50,,0,0,0
wand,tier4,up,attack,0,20,1,3,5,7,15,5,11,55,,0,0,0
wand,tier4,up,attack,1,18,1,4,2,8,10,5,9,45,,0,0,0
wand,tier4,up,attack,2,18,1,3,2,7,10,5,9,45,,0,1,0
wand,tier4,up,attack,3,19,1,3,6,7,15,5,10,50,,0,0,0
wand,tier4,up,hurt,0,19,1,4,6,8,15,5,10,50,,0,0,0
wand,tier4,up,hurt,1,19,1,3,6,7,15,5,10,50,,0,0,0
wand,tier5,down,idle,0,24,1,16,5,20,15,5,11,55,,0,0,0
wand,tier5,down,idle,1,24,1,16,6,20,16,5,11,55,,0,0,0
wand,tier5,down,walk,0,24,1,16,6,20,16,5,11,55,,0,0,0
wand,tier5,down,walk,1,24,1,16,6,20,16,5,11,55,,0,0,0
wand,tier5,down,walk,2,24,1,16,4,20,14,5,11,55,,0,0,0
wand,tier5,down,walk,3,24,1,16,6,20,16,5,11,55,,0,0,0
wand,tier5,down,attack,0,25,1,16,4,20,15,5,12,60,,0,0,0
wand,tier5,down,attack,1,20,1,15,14,19,20,5,7,35,,0,0,0
wand,tier5,down,attack,2,20,1,16,14,20,20,5,7,35,,0,0,0
wand,tier5,down,attack,3,24,1,16,5,20,15,5,11,55,,0,0,0
wand,tier5,down,hurt,0,24,1,15,5,19,15,5,11,55,,0,0,0
wand,tier5,down,hurt,1,24,1,16,5,20,15,5,11,55,,0,0,0
wand,tier5,left,idle,0,25,1,1,5,6,15,6,11,66,,0,1,0
wand,tier5,left,idle,1,25,1,1,6,6,16,6,11,66,,0,1,0
wand,tier5,left,walk,0,25,1,1,4,6,14,6,11,66,,0,1,0
wand,tier5,left,walk,1,25,1,1,6,6,16,6,11,66,,0,1,0
wand,tier5,left,walk,2,25,1,1,6,6,16,6,11,66,,0,1,0
wand,tier5,left,walk,3,25,1,1,6,6,16,6,11,66,,0,1,0
wand,tier5,left,attack,0,26,1,1,4,6,15,6,12,72,,0,1,0
wand,tier5,left,attack,1,22,1,0,12,9,16,10,5,50,left,0,0,0
wand,tier5,left,attack,2,22,1,0,11,9,15,10,5,50,left,0,0,0
wand,tier5,left,attack,3,25,1,1,5,6,15,6,11,66,,0,1,0
wand,tier5,left,hurt,0,25,1,1,6,6,16,6,11,66,,0,1,0
wand,tier5,left,hurt,1,25,1,1,5,6,15,6,11,66,,0,1,0
wand,tier5,right,idle,0,25,1,17,5,22,15,6,11,66,,0,1,0
wand,tier5,right,idle,1,25,1,17,6,22,16,6,11,66,,0,1,0
wand,tier5,right,walk,0,25,1,17,6,22,16,6,11,66,,0,1,0
wand,tier5,right,walk,1,25,1,17,6,22,16,6,11,66,,0,1,0
wand,tier5,right,walk,2,25,1,17,4,22,14,6,11,66,,0,1,0
wand,tier5,right,walk,3,25,1,17,6,22,16,6,11,66,,0,1,0
wand,tier5,right,attack,0,26,1,17,4,22,15,6,12,72,,0,1,0
wand,tier5,right,attack,1,22,1,14,12,23,16,10,5,50,right,0,0,0
wand,tier5,right,attack,2,22,1,14,11,23,15,10,5,50,right,0,0,0
wand,tier5,right,attack,3,25,1,17,5,22,15,6,11,66,,0,1,0
wand,tier5,right,hurt,0,25,1,17,6,22,16,6,11,66,,0,1,0
wand,tier5,right,hurt,1,25,1,17,5,22,15,6,11,66,,0,1,0
wand,tier5,up,idle,0,24,1,3,5,7,15,5,11,55,,0,0,0
wand,tier5,up,idle,1,24,1,3,6,7,16,5,11,55,,0,0,0
wand,tier5,up,walk,0,24,1,3,6,7,16,5,11,55,,0,0,0
wand,tier5,up,walk,1,24,1,3,6,7,16,5,11,55,,0,0,0
wand,tier5,up,walk,2,24,1,3,4,7,14,5,11,55,,0,0,0
wand,tier5,up,walk,3,24,1,3,6,7,16,5,11,55,,0,0,0
wand,tier5,up,attack,0,25,1,3,4,7,15,5,12,60,,0,0,0
wand,tier5,up,attack,1,22,1,4,2,8,10,5,9,45,,0,0,0
wand,tier5,up,attack,2,22,1,3,2,7,10,5,9,45,,0,1,0
wand,tier5,up,attack,3,24,1,3,5,7,15,5,11,55,,0,0,0
wand,tier5,up,hurt,0,24,1,4,5,8,15,5,11,55,,0,0,0
wand,tier5,up,hurt,1,24,1,3,5,7,15,5,11,55,,0,0,0
spellbook,tier1,down,idle,0,12,1,16,11,19,14,4,4,16,,0,0,0
spellbook,tier1,down,idle,1,12,1,16,12,19,15,4,4,16,,0,0,0
spellbook,tier1,down,walk,0,12,1,16,12,19,15,4,4,16,,0,0,0
spellbook,tier1,down,walk,1,12,1,16,12,19,15,4,4,16,,0,0,0
spellbook,tier1,down,walk,2,12,1,16,10,19,13,4,4,16,,0,0,0
spellbook,tier1,down,walk,3,12,1,16,12,19,15,4,4,16,,0,0,0
spellbook,tier1,down,attack,0,12,1,16,9,19,12,4,4,16,,0,0,0
spellbook,tier1,down,attack,1,12,1,15,18,18,21,4,4,16,,0,0,0
spellbook,tier1,down,attack,2,12,1,16,18,19,21,4,4,16,,0,1,0
spellbook,tier1,down,attack,3,12,1,16,11,19,14,4,4,16,,0,0,0
spellbook,tier1,down,hurt,0,12,1,15,11,18,14,4,4,16,,0,0,0
spellbook,tier1,down,hurt,1,12,1,16,11,19,14,4,4,16,,0,0,0
spellbook,tier1,left,idle,0,12,1,4,11,7,14,4,4,16,,0,1,0
spellbook,tier1,left,idle,1,12,1,4,12,7,15,4,4,16,,0,1,0
spellbook,tier1,left,walk,0,12,1,4,10,7,13,4,4,16,,0,1,0
spellbook,tier1,left,walk,1,12,1,4,12,7,15,4,4,16,,0,1,0
spellbook,tier1,left,walk,2,12,1,4,12,7,15,4,4,16,,0,2,0
spellbook,tier1,left,walk,3,12,1,4,12,7,15,4,4,16,,0,1,0
spellbook,tier1,left,attack,0,12,1,4,9,7,12,4,4,16,,0,0,0
spellbook,tier1,left,attack,1,12,1,1,11,4,14,4,4,16,,0,3,0
spellbook,tier1,left,attack,2,12,1,1,10,4,13,4,4,16,,0,3,0
spellbook,tier1,left,attack,3,12,1,4,11,7,14,4,4,16,,0,1,0
spellbook,tier1,left,hurt,0,12,1,4,12,7,15,4,4,16,,0,2,0
spellbook,tier1,left,hurt,1,12,1,4,11,7,14,4,4,16,,0,1,0
spellbook,tier1,right,idle,0,12,1,16,11,19,14,4,4,16,,0,1,0
spellbook,tier1,right,idle,1,12,1,16,12,19,15,4,4,16,,0,1,0
spellbook,tier1,right,walk,0,12,1,16,12,19,15,4,4,16,,0,2,0
spellbook,tier1,right,walk,1,12,1,16,12,19,15,4,4,16,,0,1,0
spellbook,tier1,right,walk,2,12,1,16,10,19,13,4,4,16,,0,1,0
spellbook,tier1,right,walk,3,12,1,16,12,19,15,4,4,16,,0,1,0
spellbook,tier1,right,attack,0,12,1,16,9,19,12,4,4,16,,0,0,0
spellbook,tier1,right,attack,1,12,1,19,11,22,14,4,4,16,,0,3,0
spellbook,tier1,right,attack,2,12,1,19,10,22,13,4,4,16,,0,3,0
spellbook,tier1,right,attack,3,12,1,16,11,19,14,4,4,16,,0,1,0
spellbook,tier1,right,hurt,0,12,1,16,12,19,15,4,4,16,,0,2,0
spellbook,tier1,right,hurt,1,12,1,16,11,19,14,4,4,16,,0,1,0
spellbook,tier1,up,idle,0,12,1,5,11,8,14,4,4,16,,0,0,0
spellbook,tier1,up,idle,1,12,1,5,12,8,15,4,4,16,,0,0,0
spellbook,tier1,up,walk,0,12,1,5,12,8,15,4,4,16,,0,0,0
spellbook,tier1,up,walk,1,12,1,5,12,8,15,4,4,16,,0,0,0
spellbook,tier1,up,walk,2,12,1,5,10,8,13,4,4,16,,0,0,0
spellbook,tier1,up,walk,3,12,1,5,12,8,15,4,4,16,,0,0,0
spellbook,tier1,up,attack,0,12,1,5,9,8,12,4,4,16,,0,0,0
spellbook,tier1,up,attack,1,12,1,6,2,9,5,4,4,16,,0,0,0
spellbook,tier1,up,attack,2,12,1,5,2,8,5,4,4,16,,0,0,0
spellbook,tier1,up,attack,3,12,1,5,11,8,14,4,4,16,,0,0,0
spellbook,tier1,up,hurt,0,12,1,6,11,9,14,4,4,16,,0,0,0
spellbook,tier1,up,hurt,1,12,1,5,11,8,14,4,4,16,,0,0,0
spellbook,tier2,down,idle,0,16,1,16,11,20,14,5,4,20,,0,0,0
spellbook,tier2,down,idle,1,16,1,16,12,20,15,5,4,20,,0,0,0
spellbook,tier2,down,walk,0,16,1,16,12,20,15,5,4,20,,0,0,0
spellbook,tier2,down,walk,1,16,1,16,12,20,15,5,4,20,,0,0,0
spellbook,tier2,down,walk,2,16,1,16,10,20,13,5,4,20,,0,0,0
spellbook,tier2,down,walk,3,16,1,16,12,20,15,5,4,20,,0,0,0
spellbook,tier2,down,attack,0,16,1,16,9,20,12,5,4,20,,0,0,0
spellbook,tier2,down,attack,1,16,1,15,18,19,21,5,4,20,,0,0,0
spellbook,tier2,down,attack,2,16,1,16,18,20,21,5,4,20,,0,1,0
spellbook,tier2,down,attack,3,16,1,16,11,20,14,5,4,20,,0,0,0
spellbook,tier2,down,hurt,0,16,1,15,11,19,14,5,4,20,,0,0,0
spellbook,tier2,down,hurt,1,16,1,16,11,20,14,5,4,20,,0,0,0
spellbook,tier2,left,idle,0,16,1,3,11,7,14,5,4,20,,0,1,0
spellbook,tier2,left,idle,1,16,1,3,12,7,15,5,4,20,,0,1,0
spellbook,tier2,left,walk,0,16,1,3,10,7,13,5,4,20,,0,1,0
spellbook,tier2,left,walk,1,16,1,3,12,7,15,5,4,20,,0,1,0
spellbook,tier2,left,walk,2,16,1,3,12,7,15,5,4,20,,0,2,0
spellbook,tier2,left,walk,3,16,1,3,12,7,15,5,4,20,,0,1,0
spellbook,tier2,left,attack,0,16,1,3,9,7,12,5,4,20,,0,0,0
spellbook,tier2,left,attack,1,16,1,1,11,5,14,5,4,20,,0,2,0
spellbook,tier2,left,attack,2,16,1,1,10,5,13,5,4,20,,0,2,0
spellbook,tier2,left,attack,3,16,1,3,11,7,14,5,4,20,,0,1,0
spellbook,tier2,left,hurt,0,16,1,3,12,7,15,5,4,20,,0,2,0
spellbook,tier2,left,hurt,1,16,1,3,11,7,14,5,4,20,,0,1,0
spellbook,tier2,right,idle,0,16,1,16,11,20,14,5,4,20,,0,1,0
spellbook,tier2,right,idle,1,16,1,16,12,20,15,5,4,20,,0,1,0
spellbook,tier2,right,walk,0,16,1,16,12,20,15,5,4,20,,0,2,0
spellbook,tier2,right,walk,1,16,1,16,12,20,15,5,4,20,,0,1,0
spellbook,tier2,right,walk,2,16,1,16,10,20,13,5,4,20,,0,1,0
spellbook,tier2,right,walk,3,16,1,16,12,20,15,5,4,20,,0,1,0
spellbook,tier2,right,attack,0,16,1,16,9,20,12,5,4,20,,0,0,0
spellbook,tier2,right,attack,1,16,1,18,11,22,14,5,4,20,,0,2,0
spellbook,tier2,right,attack,2,16,1,18,10,22,13,5,4,20,,0,2,0
spellbook,tier2,right,attack,3,16,1,16,11,20,14,5,4,20,,0,1,0
spellbook,tier2,right,hurt,0,16,1,16,12,20,15,5,4,20,,0,2,0
spellbook,tier2,right,hurt,1,16,1,16,11,20,14,5,4,20,,0,1,0
spellbook,tier2,up,idle,0,16,1,4,11,8,14,5,4,20,,0,0,0
spellbook,tier2,up,idle,1,16,1,4,12,8,15,5,4,20,,0,0,0
spellbook,tier2,up,walk,0,16,1,4,12,8,15,5,4,20,,0,0,0
spellbook,tier2,up,walk,1,16,1,4,12,8,15,5,4,20,,0,0,0
spellbook,tier2,up,walk,2,16,1,4,10,8,13,5,4,20,,0,0,0
spellbook,tier2,up,walk,3,16,1,4,12,8,15,5,4,20,,0,0,0
spellbook,tier2,up,attack,0,16,1,4,9,8,12,5,4,20,,0,0,0
spellbook,tier2,up,attack,1,16,1,5,2,9,5,5,4,20,,0,0,0
spellbook,tier2,up,attack,2,16,1,4,2,8,5,5,4,20,,0,0,0
spellbook,tier2,up,attack,3,16,1,4,11,8,14,5,4,20,,0,0,0
spellbook,tier2,up,hurt,0,16,1,5,11,9,14,5,4,20,,0,0,0
spellbook,tier2,up,hurt,1,16,1,4,11,8,14,5,4,20,,0,0,0
spellbook,tier3,down,idle,0,27,1,16,9,21,14,6,6,36,,0,0,0
spellbook,tier3,down,idle,1,27,1,16,10,21,15,6,6,36,,0,0,0
spellbook,tier3,down,walk,0,27,1,16,10,21,15,6,6,36,,0,0,0
spellbook,tier3,down,walk,1,27,1,16,10,21,15,6,6,36,,0,0,0
spellbook,tier3,down,walk,2,27,1,16,8,21,13,6,6,36,,0,0,0
spellbook,tier3,down,walk,3,27,1,16,10,21,15,6,6,36,,0,0,0
spellbook,tier3,down,attack,0,27,1,16,7,21,12,6,6,36,,0,0,0
spellbook,tier3,down,attack,1,27,1,15,16,20,21,6,6,36,,0,0,0
spellbook,tier3,down,attack,2,27,1,16,16,21,21,6,6,36,,0,0,0
spellbook,tier3,down,attack,3,27,1,16,9,21,14,6,6,36,,0,0,0
spellbook,tier3,down,hurt,0,27,1,15,9,20,14,6,6,36,,0,0,0
spellbook,tier3,down,hurt,1,27,1,16,9,21,14,6,6,36,,0,0,0
spellbook,tier3,left,idle,0,27,1,2,9,7,14,6,6,36,,0,1,0
spellbook,tier3,left,idle,1,27,1,2,10,7,15,6,6,36,,0,1,0
spellbook,tier3,left,walk,0,27,1,2,8,7,13,6,6,36,,0,0,0
spellbook,tier3,left,walk,1,27,1,2,10,7,15,6,6,36,,0,1,0
spellbook,tier3,left,walk,2,27,1,2,10,7,15,6,6,36,,0,1,0
spellbook,tier3,left,walk,3,27,1,2,10,7,15,6,6,36,,0,1,0
spellbook,tier3,left,attack,0,27,1,2,7,7,12,6,6,36,,0,0,0
spellbook,tier3,left,attack,1,27,1,1,10,6,15,6,6,36,,0,2,0
spellbook,tier3,left,attack,2,27,1,1,9,6,14,6,6,36,,0,1,0
spellbook,tier3,left,attack,3,27,1,2,9,7,14,6,6,36,,0,1,0
spellbook,tier3,left,hurt,0,27,1,2,10,7,15,6,6,36,,0,1,0
spellbook,tier3,left,hurt,1,27,1,2,9,7,14,6,6,36,,0,1,0
spellbook,tier3,right,idle,0,27,1,16,9,21,14,6,6,36,,0,1,0
spellbook,tier3,right,idle,1,27,1,16,10,21,15,6,6,36,,0,1,0
spellbook,tier3,right,walk,0,27,1,16,10,21,15,6,6,36,,0,1,0
spellbook,tier3,right,walk,1,27,1,16,10,21,15,6,6,36,,0,1,0
spellbook,tier3,right,walk,2,27,1,16,8,21,13,6,6,36,,0,0,0
spellbook,tier3,right,walk,3,27,1,16,10,21,15,6,6,36,,0,1,0
spellbook,tier3,right,attack,0,27,1,16,7,21,12,6,6,36,,0,0,0
spellbook,tier3,right,attack,1,27,1,17,10,22,15,6,6,36,,0,2,0
spellbook,tier3,right,attack,2,27,1,17,9,22,14,6,6,36,,0,1,0
spellbook,tier3,right,attack,3,27,1,16,9,21,14,6,6,36,,0,1,0
spellbook,tier3,right,hurt,0,27,1,16,10,21,15,6,6,36,,0,1,0
spellbook,tier3,right,hurt,1,27,1,16,9,21,14,6,6,36,,0,1,0
spellbook,tier3,up,idle,0,27,1,3,9,8,14,6,6,36,,0,0,0
spellbook,tier3,up,idle,1,27,1,3,10,8,15,6,6,36,,0,0,0
spellbook,tier3,up,walk,0,27,1,3,10,8,15,6,6,36,,0,0,0
spellbook,tier3,up,walk,1,27,1,3,10,8,15,6,6,36,,0,0,0
spellbook,tier3,up,walk,2,27,1,3,8,8,13,6,6,36,,0,0,0
spellbook,tier3,up,walk,3,27,1,3,10,8,15,6,6,36,,0,0,0
spellbook,tier3,up,attack,0,27,1,3,7,8,12,6,6,36,,0,0,0
spellbook,tier3,up,attack,1,27,1,4,1,9,6,6,6,36,,0,0,0
spellbook,tier3,up,attack,2,27,1,3,1,8,6,6,6,36,,0,0,0
spellbook,tier3,up,attack,3,27,1,3,9,8,14,6,6,36,,0,0,0
spellbook,tier3,up,hurt,0,27,1,4,9,9,14,6,6,36,,0,0,0
spellbook,tier3,up,hurt,1,27,1,3,9,8,14,6,6,36,,0,0,0
spellbook,tier4,down,idle,0,32,1,16,9,22,14,7,6,42,,0,0,0
spellbook,tier4,down,idle,1,32,1,16,10,22,15,7,6,42,,0,0,0
spellbook,tier4,down,walk,0,32,1,16,10,22,15,7,6,42,,0,0,0
spellbook,tier4,down,walk,1,32,1,16,10,22,15,7,6,42,,0,0,0
spellbook,tier4,down,walk,2,32,1,16,8,22,13,7,6,42,,0,0,0
spellbook,tier4,down,walk,3,32,1,16,10,22,15,7,6,42,,0,0,0
spellbook,tier4,down,attack,0,32,1,16,7,22,12,7,6,42,,0,0,0
spellbook,tier4,down,attack,1,32,1,15,16,21,21,7,6,42,,0,0,0
spellbook,tier4,down,attack,2,32,1,16,16,22,21,7,6,42,,0,0,0
spellbook,tier4,down,attack,3,32,1,16,9,22,14,7,6,42,,0,0,0
spellbook,tier4,down,hurt,0,32,1,15,9,21,14,7,6,42,,0,0,0
spellbook,tier4,down,hurt,1,32,1,16,9,22,14,7,6,42,,0,0,0
spellbook,tier4,left,idle,0,32,1,1,9,7,14,7,6,42,,0,1,0
spellbook,tier4,left,idle,1,32,1,1,10,7,15,7,6,42,,0,1,0
spellbook,tier4,left,walk,0,32,1,1,8,7,13,7,6,42,,0,0,0
spellbook,tier4,left,walk,1,32,1,1,10,7,15,7,6,42,,0,1,0
spellbook,tier4,left,walk,2,32,1,1,10,7,15,7,6,42,,0,1,0
spellbook,tier4,left,walk,3,32,1,1,10,7,15,7,6,42,,0,1,0
spellbook,tier4,left,attack,0,32,1,1,7,7,12,7,6,42,,0,0,0
spellbook,tier4,left,attack,1,32,1,1,10,7,15,7,6,42,,0,1,0
spellbook,tier4,left,attack,2,32,1,1,9,7,14,7,6,42,,0,1,0
spellbook,tier4,left,attack,3,32,1,1,9,7,14,7,6,42,,0,1,0
spellbook,tier4,left,hurt,0,32,1,1,10,7,15,7,6,42,,0,1,0
spellbook,tier4,left,hurt,1,32,1,1,9,7,14,7,6,42,,0,1,0
spellbook,tier4,right,idle,0,32,1,16,9,22,14,7,6,42,,0,1,0
spellbook,tier4,right,idle,1,32,1,16,10,22,15,7,6,42,,0,1,0
spellbook,tier4,right,walk,0,32,1,16,10,22,15,7,6,42,,0,1,0
spellbook,tier4,right,walk,1,32,1,16,10,22,15,7,6,42,,0,1,0
spellbook,tier4,right,walk,2,32,1,16,8,22,13,7,6,42,,0,0,0
spellbook,tier4,right,walk,3,32,1,16,10,22,15,7,6,42,,0,1,0
spellbook,tier4,right,attack,0,32,1,16,7,22,12,7,6,42,,0,0,0
spellbook,tier4,right,attack,1,32,1,16,10,22,15,7,6,42,,0,1,0
spellbook,tier4,right,attack,2,32,1,16,9,22,14,7,6,42,,0,1,0
spellbook,tier4,right,attack,3,32,1,16,9,22,14,7,6,42,,0,1,0
spellbook,tier4,right,hurt,0,32,1,16,10,22,15,7,6,42,,0,1,0
spellbook,tier4,right,hurt,1,32,1,16,9,22,14,7,6,42,,0,1,0
spellbook,tier4,up,idle,0,32,1,2,9,8,14,7,6,42,,0,0,0
spellbook,tier4,up,idle,1,32,1,2,10,8,15,7,6,42,,0,0,0
spellbook,tier4,up,walk,0,32,1,2,10,8,15,7,6,42,,0,0,0
spellbook,tier4,up,walk,1,32,1,2,10,8,15,7,6,42,,0,0,0
spellbook,tier4,up,walk,2,32,1,2,8,8,13,7,6,42,,0,0,0
spellbook,tier4,up,walk,3,32,1,2,10,8,15,7,6,42,,0,0,0
spellbook,tier4,up,attack,0,32,1,2,7,8,12,7,6,42,,0,0,0
spellbook,tier4,up,attack,1,32,1,3,1,9,6,7,6,42,,0,0,0
spellbook,tier4,up,attack,2,32,1,2,1,8,6,7,6,42,,0,0,0
spellbook,tier4,up,attack,3,32,1,2,9,8,14,7,6,42,,0,0,0
spellbook,tier4,up,hurt,0,32,1,3,9,9,14,7,6,42,,0,0,0
spellbook,tier4,up,hurt,1,32,1,2,9,8,14,7,6,42,,0,0,0
spellbook,tier5,down,idle,0,40,1,16,8,22,15,7,8,56,,0,0,0
spellbook,tier5,down,idle,1,40,1,16,9,22,16,7,8,56,,0,0,0
spellbook,tier5,down,walk,0,40,1,16,9,22,16,7,8,56,,0,0,0
spellbook,tier5,down,walk,1,40,1,16,9,22,16,7,8,56,,0,0,0
spellbook,tier5,down,walk,2,40,1,16,7,22,14,7,8,56,,0,0,0
spellbook,tier5,down,walk,3,40,1,16,9,22,16,7,8,56,,0,0,0
spellbook,tier5,down,attack,0,40,1,16,6,22,13,7,8,56,,0,0,0
spellbook,tier5,down,attack,1,40,1,15,15,21,22,7,8,56,,0,0,0
spellbook,tier5,down,attack,2,40,1,16,15,22,22,7,8,56,,0,0,0
spellbook,tier5,down,attack,3,40,1,16,8,22,15,7,8,56,,0,0,0
spellbook,tier5,down,hurt,0,40,1,15,8,21,15,7,8,56,,0,0,0
spellbook,tier5,down,hurt,1,40,1,16,8,22,15,7,8,56,,0,0,0
spellbook,tier5,left,idle,0,40,1,1,8,7,15,7,8,56,,0,0,0
spellbook,tier5,left,idle,1,40,1,1,9,7,16,7,8,56,,0,0,0
spellbook,tier5,left,walk,0,40,1,1,7,7,14,7,8,56,,0,0,0
spellbook,tier5,left,walk,1,40,1,1,9,7,16,7,8,56,,0,0,0
spellbook,tier5,left,walk,2,40,1,1,9,7,16,7,8,56,,0,1,0
spellbook,tier5,left,walk,3,40,1,1,9,7,16,7,8,56,,0,0,0
spellbook,tier5,left,attack,0,40,1,1,6,7,13,7,8,56,,0,0,0
spellbook,tier5,left,attack,1,40,1,1,9,7,16,7,8,56,,0,1,0
spellbook,tier5,left,attack,2,40,1,1,8,7,15,7,8,56,,0,0,0
spellbook,tier5,left,attack,3,40,1,1,8,7,15,7,8,56,,0,0,0
spellbook,tier5,left,hurt,0,40,1,1,9,7,16,7,8,56,,0,1,0
spellbook,tier5,left,hurt,1,40,1,1,8,7,15,7,8,56,,0,0,0
spellbook,tier5,right,idle,0,40,1,16,8,22,15,7,8,56,,0,0,0
spellbook,tier5,right,idle,1,40,1,16,9,22,16,7,8,56,,0,0,0
spellbook,tier5,right,walk,0,40,1,16,9,22,16,7,8,56,,0,1,0
spellbook,tier5,right,walk,1,40,1,16,9,22,16,7,8,56,,0,0,0
spellbook,tier5,right,walk,2,40,1,16,7,22,14,7,8,56,,0,0,0
spellbook,tier5,right,walk,3,40,1,16,9,22,16,7,8,56,,0,0,0
spellbook,tier5,right,attack,0,40,1,16,6,22,13,7,8,56,,0,0,0
spellbook,tier5,right,attack,1,40,1,16,9,22,16,7,8,56,,0,1,0
spellbook,tier5,right,attack,2,40,1,16,8,22,15,7,8,56,,0,0,0
spellbook,tier5,right,attack,3,40,1,16,8,22,15,7,8,56,,0,0,0
spellbook,tier5,right,hurt,0,40,1,16,9,22,16,7,8,56,,0,1,0
spellbook,tier5,right,hurt,1,40,1,16,8,22,15,7,8,56,,0,0,0
spellbook,tier5,up,idle,0,40,1,2,8,8,15,7,8,56,,0,0,0
spellbook,tier5,up,idle,1,40,1,2,9,8,16,7,8,56,,0,0,0
spellbook,tier5,up,walk,0,40,1,2,9,8,16,7,8,56,,0,0,0
spellbook,tier5,up,walk,1,40,1,2,9,8,16,7,8,56,,0,0,0
spellbook,tier5,up,walk,2,40,1,2,7,8,14,7,8,56,,0,0,0
spellbook,tier5,up,walk,3,40,1,2,9,8,16,7,8,56,,0,0,0
spellbook,tier5,up,attack,0,40,1,2,6,8,13,7,8,56,,0,0,0
spellbook,tier5,up,attack,1,40,1,3,1,9,8,7,8,56,,0,0,0
spellbook,tier5,up,attack,2,40,1,2,1,8,8,7,8,56,,0,0,0
spellbook,tier5,up,attack,3,40,1,2,8,8,15,7,8,56,,0,0,0
spellbook,tier5,up,hurt,0,40,1,3,8,9,15,7,8,56,,0,0,0
spellbook,tier5,up,hurt,1,40,1,2,8,8,15,7,8,56,,0,0,0